run,param_group,param_value,stage,kind,gas in pressure[kpa],gas in temp[째C],gas in enthalpy[kJ/kg],gas out pressure[kpa],gas out temp[째C],gas out enthalpy[kJ/kg],water in temp[째C],water in enthalpy[kJ/kg],water in pressure[kpa],water out temp[째C],water out enthalpy[kJ/kg],water out pressure[kpa],gas avg velocity[m/s],water avg velocity[m/s],pressure drop fric[kpa],pressure drop minor[kpa],pressure drop total[kpa],water pressure drop fric[kpa],water pressure drop minor[kpa],water pressure drop total[kpa],Q conv[MW],Q rad[MW],Q total[MW],UA[MW/K],steam capacity[t/h]
default_case,control,,HX_1,single_tube,101.325,1981.2459839107391,2612.28925950519,101.32249180181356,860.8685681096794,1014.0189711586983,179.88563239146657,762.6828443354104,1000.0,179.88563239146657,762.6828443354104,1000.0,5.041041876271002,,-0.00026185672299712965,-0.0022463414634468198,-0.0025081981864439494,,,,0.10851106743142605,2.7528525129578587,2.8613635803892845,0.0024132116886717257,4.550162898827438
default_case,control,,HX_2,reversal_chamber,101.32249180181356,860.8685681096794,1014.0189711586983,101.32208927369891,804.1367185550602,938.9043828879011,179.88563239146657,762.6828443354104,1000.0,179.88563239146657,762.6828443354104,1000.0,2.898236977022768,,-1.4955271904767272e-05,-0.0003875728427669513,-0.00040252811467171855,,,,0.009455548958115801,0.12502118354804273,0.1344767325061585,0.00020441429876645088,0.21384595903810907
default_case,control,,HX_3,tube_bank,101.32208927369891,804.1367185550602,938.9043828879011,101.27409313231317,332.77722753950354,349.3886892329869,179.88563239146657,762.6828443354104,1000.0,179.88563239146657,762.6828443354104,1000.0,7.668487032500493,,-0.029064536136726354,-0.018931605248974567,-0.04799614138570092,,,,0.8443481148932045,0.21105458974401692,1.0554027046372212,0.0030584707659601987,1.6783096922304002
default_case,control,,HX_4,reversal_chamber,101.27409313231317,332.77722753950354,349.3886892329869,101.27387404569274,328.16485678641834,343.960936132601,179.88563239146657,762.6828443354104,1000.0,179.88563239146657,762.6828443354104,1000.0,1.5845727337404074,,-7.407241662822478e-06,-0.00021167937876874612,-0.0002190866204315686,,,,0.0018345085190495597,0.00788275563113852,0.00971726415018808,6.436104486241858e-05,0.015452469975268338
default_case,control,,HX_5,tube_bank,101.27387404569274,328.16485678641834,343.960936132601,101.22751878999114,220.5082684411713,219.0618028328442,179.88563239146657,762.6828443354104,1000.0,179.88563239146657,762.6828443354104,1000.0,6.235948875367701,,-0.02809386681231517,-0.018261388889246992,-0.04635525570156216,,,,0.20594360480125387,0.017661820670933286,0.2236054254721872,0.002649887293612528,0.3555791084828333
default_case,control,,HX_6,economiser,101.22751878999114,220.5082684411713,219.0618028328442,88.87846565834099,152.38352541432988,141.6869292016374,104.79547299623715,440.0,1000.0568854105127,122.08677760733354,513.2085938766146,999.9999931831245,47.03790833305927,0.03391426148608761,-8.296722409394967,-4.052330722255164,-12.34905313165013,-0.055911202858177814,-0.0009810245300526522,-0.05689222738823048,0.13840935512194924,0.00011394144671264829,0.13852329656866186,0.002109939784710054,
drum_pressure_4.0bar,drum_pressure,4.0,HX_1,single_tube,101.325,1981.2459839107391,2612.28925950519,101.322491292246,864.0131983434318,1018.204732634908,143.6125329983829,604.7234741531466,400.0,143.6125329983829,604.7234741531466,400.0,5.049751083329571,,-0.0002623662906336657,-0.0022463414634468198,-0.0025087077540804853,,,,0.11350573863048698,2.7403641246644326,2.85386986329492,0.0023241684447379636,4.577017696780869
drum_pressure_4.0bar,drum_pressure,4.0,HX_2,reversal_chamber,101.322491292246,864.0131983434318,1018.204732634908,101.32208767717577,806.9802958455647,942.6510200672205,143.6125329983829,604.7234741531466,400.0,143.6125329983829,604.7234741531466,400.0,2.9060105777478022,,-1.5001882282424503e-05,-0.0003886131879480761,-0.00040361507023050063,,,,0.010080404847267289,0.12518248653924507,0.13526289138651235,0.00019377977937455327,0.21693373463043486
drum_pressure_4.0bar,drum_pressure,4.0,HX_3,tube_bank,101.32208767717577,806.9802958455647,942.6510200672205,101.27493327468615,310.84262171359376,323.6342418097872,143.6125329983829,604.7234741531466,400.0,143.6125329983829,604.7234741531466,400.0,7.549903164917322,,-0.028556618912583275,-0.01859778357710224,-0.04715440248968551,,,,0.9038186943019606,0.20439943692949836,1.1082181312314596,0.0029877820055053267,1.77735294232498
drum_pressure_4.0bar,drum_pressure,4.0,HX_4,reversal_chamber,101.27493327468615,310.84262171359376,323.6342418097872,101.27472215860398,306.4246788042144,318.46453320537137,143.6125329983829,604.7234741531466,400.0,143.6125329983829,604.7234741531466,400.0,1.5272351443815968,,-7.0965346520289944e-06,-0.00020401954750114403,-0.00021111608215317303,,,,0.00199307625955295,0.007262212836820424,0.009255289096373374,5.5918199811465465e-05,0.014843571715640734
drum_pressure_4.0bar,drum_pressure,4.0,HX_5,tube_bank,101.27472215860398,306.4246788042144,318.46453320537137,101.23098309181428,189.55456444242492,183.75464905499481,143.6125329983829,604.7234741531466,400.0,143.6125329983829,604.7234741531466,400.0,5.920216541320186,,-0.026436350006828094,-0.017302716782843952,-0.04373906678967205,,,,0.2254183597968493,0.015751131460469116,0.24116949125731846,0.002573110620614077,0.38678604221075336
drum_pressure_4.0bar,drum_pressure,4.0,HX_6,economiser,101.23098309181428,189.55456444242492,183.75464905499481,89.51790610593294,138.49186103999472,126.05440058064322,104.90064008896991,440.0,400.0594078065516,117.50713583597695,493.3470296652571,399.99999523646943,44.677039742139314,0.03464231526318581,-7.852152651053003,-3.8609243348283186,-11.713076985881322,-0.05838736058687947,-0.001025209495144157,-0.05941257008202363,0.10322700204841931,7.305911071734808e-05,0.10330006115913663,0.0021834981526306593,
drum_pressure_10.0bar,drum_pressure,10.0,HX_1,single_tube,101.325,1981.2459839107391,2612.28925950519,101.32249180181356,860.8685681096794,1014.0189711586983,179.88563239146657,762.6828443354104,1000.0,179.88563239146657,762.6828443354104,1000.0,5.041041876271002,,-0.00026185672299712965,-0.0022463414634468198,-0.0025081981864439494,,,,0.10851106743142605,2.7528525129578587,2.8613635803892845,0.0024132116886717257,4.550162898827438
drum_pressure_10.0bar,drum_pressure,10.0,HX_2,reversal_chamber,101.32249180181356,860.8685681096794,1014.0189711586983,101.32208927369891,804.1367185550602,938.9043828879011,179.88563239146657,762.6828443354104,1000.0,179.88563239146657,762.6828443354104,1000.0,2.898236977022768,,-1.4955271904767272e-05,-0.0003875728427669513,-0.00040252811467171855,,,,0.009455548958115801,0.12502118354804273,0.1344767325061585,0.00020441429876645088,0.21384595903810907
drum_pressure_10.0bar,drum_pressure,10.0,HX_3,tube_bank,101.32208927369891,804.1367185550602,938.9043828879011,101.27409313231317,332.77722753950354,349.3886892329869,179.88563239146657,762.6828443354104,1000.0,179.88563239146657,762.6828443354104,1000.0,7.668487032500493,,-0.029064536136726354,-0.018931605248974567,-0.04799614138570092,,,,0.8443481148932045,0.21105458974401692,1.0554027046372212,0.0030584707659601987,1.6783096922304002
drum_pressure_10.0bar,drum_pressure,10.0,HX_4,reversal_chamber,101.27409313231317,332.77722753950354,349.3886892329869,101.27387404569274,328.16485678641834,343.960936132601,179.88563239146657,762.6828443354104,1000.0,179.88563239146657,762.6828443354104,1000.0,1.5845727337404074,,-7.407241662822478e-06,-0.00021167937876874612,-0.0002190866204315686,,,,0.0018345085190495597,0.00788275563113852,0.00971726415018808,6.436104486241858e-05,0.015452469975268338
drum_pressure_10.0bar,drum_pressure,10.0,HX_5,tube_bank,101.27387404569274,328.16485678641834,343.960936132601,101.22751878999114,220.5082684411713,219.0618028328442,179.88563239146657,762.6828443354104,1000.0,179.88563239146657,762.6828443354104,1000.0,6.235948875367701,,-0.02809386681231517,-0.018261388889246992,-0.04635525570156216,,,,0.20594360480125387,0.017661820670933286,0.2236054254721872,0.002649887293612528,0.3555791084828333
drum_pressure_10.0bar,drum_pressure,10.0,HX_6,economiser,101.22751878999114,220.5082684411713,219.0618028328442,88.87846565834099,152.38352541432988,141.6869292016374,104.79547299623715,440.0,1000.0568854105127,122.08677760733354,513.2085938766146,999.9999931831245,47.03790833305927,0.03391426148608761,-8.296722409394967,-4.052330722255164,-12.34905313165013,-0.055911202858177814,-0.0009810245300526522,-0.05689222738823048,0.13840935512194924,0.00011394144671264829,0.13852329656866186,0.002109939784710054,
drum_pressure_16.0bar,drum_pressure,16.0,HX_1,single_tube,101.325,1981.2459839107391,2612.28925950519,101.32249203744371,859.4824465366497,1012.1746577879508,201.3783080151528,858.6100728411207,1600.0,201.3783080151528,858.6100728411207,1600.0,5.037014915259406,,-0.0002616210928645473,-0.0022463414634468198,-0.002507962556311367,,,,0.10560836433525403,2.759057067506604,2.8646654318418583,0.002467557540234984,4.5485999314377255
drum_pressure_16.0bar,drum_pressure,16.0,HX_2,reversal_chamber,101.32249203744371,859.4824465366497,1012.1746577879508,101.32208997329334,802.9619647439368,937.3571262594301,201.3783080151528,858.6100728411207,1600.0,201.3783080151528,858.6100728411207,1600.0,2.894923674234593,,-1.4935381451347946e-05,-0.0003871287689356454,-0.0004020641503869933,,,,0.009095721644593446,0.1248491937938963,0.13394491543848971,0.00021106439855985538,0.21268167179586372
drum_pressure_16.0bar,drum_pressure,16.0,HX_3,tube_bank,101.32208997329334,802.9619647439368,937.3571262594301,101.27356968931441,346.0297814595152,365.02038694182505,201.3783080151528,858.6100728411207,1600.0,201.3783080151528,858.6100728411207,1600.0,7.742268594257792,,-0.029382411821401756,-0.019137872157532064,-0.04852028397893382,,,,0.8098587613214457,0.21478867366862686,1.0246474349900727,0.003103615401546411,1.6269652995906914
drum_pressure_16.0bar,drum_pressure,16.0,HX_4,reversal_chamber,101.27356968931441,346.0297814595152,365.02038694182505,101.27334578331762,341.3157902410409,359.4539267449928,201.3783080151528,858.6100728411207,1600.0,201.3783080151528,858.6100728411207,1600.0,1.6192366337840483,,-7.595945869554441e-06,-0.00021631005092391541,-0.00022390599679346986,,,,0.0017421060339665425,0.008223484352006432,0.009965590385972974,6.986503041745048e-05,0.015823657186112724
drum_pressure_16.0bar,drum_pressure,16.0,HX_5,tube_bank,101.27334578331762,341.3157902410409,359.4539267449928,101.22541320051124,239.00661564761037,240.28622888249254,201.3783080151528,858.6100728411207,1600.0,201.3783080151528,858.6100728411207,1600.0,6.425454968248732,,-0.029096385718351964,-0.01883619708804501,-0.04793258280639698,,,,0.1945978156739774,0.018746692070138012,0.21334450774411526,0.002698476198829438,0.3387546770770924
drum_pressure_16.0bar,drum_pressure,16.0,HX_6,economiser,101.22541320051124,239.00661564761037,240.28622888249254,88.4966735697354,160.44047255436993,150.7754429454049,104.69019943681081,440.0,1600.0560029110538,124.89827196646797,525.5733035102915,1599.9999971141706,48.44708852188003,0.033598665075512436,-8.563056448313972,-4.165683182461884,-12.728739630775857,-0.05504373484620384,-0.0009620620366523649,-0.05600579688285621,0.16010632943161013,0.0001437404308769271,0.16025006986248708,0.002084934761803007,
excess_air_1.0,excess_air,1.0,HX_1,single_tube,101.325,2052.157269947184,2735.1748406719894,101.32264093156373,848.1339132234413,1002.2476787383762,179.88563239146657,762.6828443354104,1000.0,179.88563239146657,762.6828443354104,1000.0,4.822736760333713,,-0.0002418856652493778,-0.002117182771005798,-0.0023590684362551763,,,,0.10470442193454507,2.8582527668389326,2.962957188773479,0.002456834171082606,4.704899187632983
excess_air_1.0,excess_air,1.0,HX_2,reversal_chamber,101.32264093156373,848.1339132234413,1002.2476787383762,101.32227730081148,791.0700436858864,926.4262833336129,179.88563239146657,762.6828443354104,1000.0,179.88563239146657,762.6828443354104,1000.0,2.74052160753646,,-1.3617756979150202e-05,-0.00035001299526876993,-0.0003636307522479201,,,,0.008967048651065148,0.12067231155084988,0.12963936020191505,0.00020104071954015084,0.2058551918368201
excess_air_1.0,excess_air,1.0,HX_3,tube_bank,101.32227730081148,791.0700436858864,926.4262833336129,101.2787130712627,326.56694133263375,343.6573734240928,179.88563239146657,762.6828443354104,1000.0,179.88563239146657,762.6828443354104,1000.0,7.246175934000518,,-0.02645922566099557,-0.01710500388778251,-0.04356422954877808,,,,0.789942360373264,0.20647538951557337,0.996417749888837,0.002971158704074414,1.5822182918328624
excess_air_1.0,excess_air,1.0,HX_4,reversal_chamber,101.2787130712627,326.56694133263375,343.6573734240928,101.27851488830551,322.00235671130326,338.2676231716736,179.88563239146657,762.6828443354104,1000.0,179.88563239146657,762.6828443354104,1000.0,1.5004732652503723,,-6.749931515759709e-06,-0.00019143302567920333,-0.00019818295719496306,,,,0.0016992543595617934,0.007516158888468469,0.009215413248030262,6.364710606297468e-05,0.014633215244769621
excess_air_1.0,excess_air,1.0,HX_5,tube_bank,101.27851488830551,322.00235671130326,338.2676231716736,101.23624453404418,218.19554021550294,217.37514646320184,179.88563239146657,762.6828443354104,1000.0,179.88563239146657,762.6828443354104,1000.0,5.922076275115964,,-0.02569891712203292,-0.016571437139283333,-0.042270354261316256,,,,0.18950711569513234,0.017194771433374525,0.20670188712850682,0.0025718310380834614,0.32822328466908735
excess_air_1.0,excess_air,1.0,HX_6,economiser,101.23624453404418,218.19554021550294,217.37514646320184,90.04622659153131,150.15684530457787,139.77794015792665,104.79547295251291,440.0,1000.0571347401151,121.30686845330575,509.8960955815151,999.9999866493841,44.53654976835307,0.03400818507517155,-7.528551817769843,-3.6614661247430043,-11.190017942512847,-0.05616124798878699,-0.0009868427421760788,-0.057148090730963066,0.13256015197157794,0.00011549083304998481,0.13267564280462796,0.002072059612999401,
excess_air_1.05,excess_air,1.05,HX_1,single_tube,101.325,1981.2459839107391,2612.28925950519,101.32249180181356,860.8685681096794,1014.0189711586983,179.88563239146657,762.6828443354104,1000.0,179.88563239146657,762.6828443354104,1000.0,5.041041876271002,,-0.00026185672299712965,-0.0022463414634468198,-0.0025081981864439494,,,,0.10851106743142605,2.7528525129578587,2.8613635803892845,0.0024132116886717257,4.550162898827438
excess_air_1.05,excess_air,1.05,HX_2,reversal_chamber,101.32249180181356,860.8685681096794,1014.0189711586983,101.32208927369891,804.1367185550602,938.9043828879011,179.88563239146657,762.6828443354104,1000.0,179.88563239146657,762.6828443354104,1000.0,2.898236977022768,,-1.4955271904767272e-05,-0.0003875728427669513,-0.00040252811467171855,,,,0.009455548958115801,0.12502118354804273,0.1344767325061585,0.00020441429876645088,0.21384595903810907
excess_air_1.05,excess_air,1.05,HX_3,tube_bank,101.32208927369891,804.1367185550602,938.9043828879011,101.27409313231317,332.77722753950354,349.3886892329869,179.88563239146657,762.6828443354104,1000.0,179.88563239146657,762.6828443354104,1000.0,7.668487032500493,,-0.029064536136726354,-0.018931605248974567,-0.04799614138570092,,,,0.8443481148932045,0.21105458974401692,1.0554027046372212,0.0030584707659601987,1.6783096922304002
excess_air_1.05,excess_air,1.05,HX_4,reversal_chamber,101.27409313231317,332.77722753950354,349.3886892329869,101.27387404569274,328.16485678641834,343.960936132601,179.88563239146657,762.6828443354104,1000.0,179.88563239146657,762.6828443354104,1000.0,1.5845727337404074,,-7.407241662822478e-06,-0.00021167937876874612,-0.0002190866204315686,,,,0.0018345085190495597,0.00788275563113852,0.00971726415018808,6.436104486241858e-05,0.015452469975268338
excess_air_1.05,excess_air,1.05,HX_5,tube_bank,101.27387404569274,328.16485678641834,343.960936132601,101.22751878999114,220.5082684411713,219.0618028328442,179.88563239146657,762.6828443354104,1000.0,179.88563239146657,762.6828443354104,1000.0,6.235948875367701,,-0.02809386681231517,-0.018261388889246992,-0.04635525570156216,,,,0.20594360480125387,0.017661820670933286,0.2236054254721872,0.002649887293612528,0.3555791084828333
excess_air_1.05,excess_air,1.05,HX_6,economiser,101.22751878999114,220.5082684411713,219.0618028328442,88.87846565834099,152.38352541432988,141.6869292016374,104.79547299623715,440.0,1000.0568854105127,122.08677760733354,513.2085938766146,999.9999931831245,47.03790833305927,0.03391426148608761,-8.296722409394967,-4.052330722255164,-12.34905313165013,-0.055911202858177814,-0.0009810245300526522,-0.05689222738823048,0.13840935512194924,0.00011394144671264829,0.13852329656866186,0.002109939784710054,
excess_air_1.1,excess_air,1.1,HX_1,single_tube,101.325,1915.2969035755818,2499.9777686340844,101.3223406191432,872.3745546357794,1024.4576087925973,179.88563239146657,762.6828443354104,1000.0,179.88563239146657,762.6828443354104,1000.0,5.254453569192218,,-0.00028222160447567414,-0.0023771592522904123,-0.0026593808567660867,,,,0.1121088882100946,2.648259246568229,2.7603681347783247,0.002367044056605558,4.396037685566437
excess_air_1.1,excess_air,1.1,HX_2,reversal_chamber,101.3223406191432,872.3745546357794,1024.4576087925973,101.32189727880858,816.1154891616933,950.2169149213136,179.88563239146657,762.6828443354104,1000.0,179.88563239146657,762.6828443354104,1000.0,3.0557233292731496,,-1.6345391597677493e-05,-0.0004269949429996714,-0.00044334033459734887,,,,0.009934946213523404,0.12895279579398108,0.13888774200750448,0.00020738440986508636,0.2211863483843795
excess_air_1.1,excess_air,1.1,HX_3,tube_bank,101.32189727880858,816.1154891616933,950.2169149213136,101.2692567298994,338.750231520337,354.9216911807135,179.88563239146657,762.6828443354104,1000.0,179.88563239146657,762.6828443354104,1000.0,8.093371998271575,,-0.03178546534824971,-0.020855083560934184,-0.0526405489091839,,,,0.8986554768806229,0.21500874451134683,1.1136642213919696,0.0031443399431513924,1.7735713670304556
excess_air_1.1,excess_air,1.1,HX_4,reversal_chamber,101.2692567298994,338.750231520337,354.9216911807135,101.26901558994234,334.0988312962096,349.464719996857,179.88563239146657,762.6828443354104,1000.0,179.88563239146657,762.6828443354104,1000.0,1.6694497047018064,,-8.095569768538183e-06,-0.00023304438728631067,-0.00024113995705484886,,,,0.001971510526952654,0.008237287764081837,0.01020879829103449,6.504937102008638e-05,0.01625807132255491
excess_air_1.1,excess_air,1.1,HX_5,tube_bank,101.26901558994234,334.0988312962096,349.464719996857,101.21837808557721,222.78016213799089,220.76289629556518,179.88563239146657,762.6828443354104,1000.0,179.88563239146657,762.6828443354104,1000.0,6.552483776485921,,-0.030596815397171132,-0.020040688968016418,-0.05063750436518755,,,,0.22267977423466054,0.018092596284863337,0.24077237051952394,0.0027274133065061865,0.38344320857478403
excess_air_1.1,excess_air,1.1,HX_6,economiser,101.21837808557721,222.78016213799089,220.76289629556518,87.63700419065907,154.5910233603525,143.60628993910225,104.79547304706188,440.0,1000.0565955946527,122.8713541532415,516.542006039287,999.9999931416598,49.60288336460996,0.03381376843483901,-9.112238979936611,-4.469134914981499,-13.581373894918112,-0.055627603648224236,-0.0009748493449659083,-0.05660245299319016,0.1442303023290123,0.00011246294919222584,0.14434276527820447,0.0021278287912961163,
excess_air_1.15,excess_air,1.15,HX_1,single_tube,101.325,1853.7967104799327,2396.931843098109,101.32218747312703,882.6615268457136,1033.5574849895963,179.88563239146657,762.6828443354104,1000.0,179.88563239146657,762.6828443354104,1000.0,5.462653306241025,,-0.0003029257301669833,-0.0025096011428415283,-0.0028125268730085115,,,,0.115491661193465,2.5448129002216398,2.6603045614151024,0.002318822640504172,4.242561527176458
excess_air_1.15,excess_air,1.15,HX_2,reversal_chamber,101.32218747312703,882.6615268457136,1033.5574849895963,101.32170146764858,827.0105521869533,960.3518814509079,179.88563239146657,762.6828443354104,1000.0,179.88563239146657,762.6828443354104,1000.0,3.2126067743117024,,-1.7785044511854543e-05,-0.000468220433928808,-0.0004860054784406626,,,,0.010403645775904575,0.13243989260435612,0.14284353838026068,0.00020994296810841938,0.22780192506059715
excess_air_1.15,excess_air,1.15,HX_3,tube_bank,101.32170146764858,827.0105521869533,960.3518814509079,101.26420893160338,344.47697127363074,360.23932878603785,179.88563239146657,762.6828443354104,1000.0,179.88563239146657,762.6828443354104,1000.0,8.520060703820159,,-0.03461841568183713,-0.022874120363310706,-0.057492536045147834,,,,0.9526592281568862,0.21831937490669032,1.1709786030635765,0.0032287243894839413,1.8674360983171603
excess_air_1.15,excess_air,1.15,HX_4,reversal_chamber,101.26420893160338,344.47697127363074,360.23932878603785,101.26394459026973,339.7951185811586,354.7618479330014,179.88563239146657,762.6828443354104,1000.0,179.88563239146657,762.6828443354104,1000.0,1.754999593368068,,-8.81451558228369e-06,-0.0002555268180650699,-0.0002643413336473536,,,,0.002109799745191339,0.008578243678923621,0.01068804342411496,6.570944207151406e-05,0.017044921280675158
excess_air_1.15,excess_air,1.15,HX_5,tube_bank,101.26394459026973,339.7951185811586,354.7618479330014,101.20882809217693,225.00550707852818,222.46499535433622,179.88563239146657,762.6828443354104,1000.0,179.88563239146657,762.6828443354104,1000.0,6.871418825385601,,-0.03320696834244419,-0.021909529750339257,-0.05511649809278344,,,,0.2396596603106901,0.01848659913486591,0.25814625944555597,0.0028043903591026204,0.4116827090375153
excess_air_1.15,excess_air,1.15,HX_6,economiser,101.20882809217693,225.00550707852818,222.46499535433622,86.31825558686414,156.7921234698328,145.5466907454366,104.79547308537627,440.0,1000.0563771143388,123.6432006390637,519.8224111463022,999.99999537092,52.236556649973295,0.033728138234062434,-9.977273679712194,-4.913298825600597,-14.890572505312791,-0.05541218134684941,-0.0009695620717860844,-0.056381743418635485,0.1499770046009472,0.00011100075139112384,0.1500880053523383,0.002153618246282975,
excess_air_1.2,excess_air,1.2,HX_1,single_tube,101.325,1796.3014096181423,2302.050308381483,101.32203244651629,891.7446296901568,1041.3226708449279,179.88563239146657,762.6828443354104,1000.0,179.88563239146657,762.6828443354104,1000.0,5.665394919323578,,-0.00032391777826983325,-0.0026436357054556527,-0.002967553483725486,,,,0.11865593248951024,2.44283192578642,2.5614878582759317,0.0022690000412271777,4.0910226079470995
excess_air_1.2,excess_air,1.2,HX_2,reversal_chamber,101.32203244651629,891.7446296901568,1041.3226708449279,101.32150199145605,836.8301922993904,969.305292035585,179.88563239146657,762.6828443354104,1000.0,179.88563239146657,762.6828443354104,1000.0,3.368530483208537,,-1.9270996911849082e-05,-0.000511184063297313,-0.000530455060209162,,,,0.010860185443364662,0.13546139191637124,0.14632157735973592,0.00021208575396973722,0.2336942098222807
excess_air_1.2,excess_air,1.2,HX_3,tube_bank,101.32150199145605,836.8301922993904,969.305292035585,101.25895546771295,349.9493595253846,365.326632676254,179.88563239146657,762.6828443354104,1000.0,179.88563239146657,762.6828443354104,1000.0,8.947791331159955,,-0.03755941160219612,-0.024987112140923508,-0.06254652374311963,,,,1.006161538793013,0.22097427552944324,1.2271358143224562,0.0033115927439383457,1.9598923114918572
excess_air_1.2,excess_air,1.2,HX_4,reversal_chamber,101.25895546771295,349.9493595253846,365.326632676254,101.25866678142027,345.24545038123495,359.83725836982114,179.88563239146657,762.6828443354104,1000.0,179.88563239146657,762.6828443354104,1000.0,1.8411163069188388,,-9.563596516033485e-06,-0.0002791226961764012,-0.0002886862926924347,,,,0.002248914959047747,0.00890416912524832,0.011153084084296069,6.633886942126088e-05,0.017812896902779325
excess_air_1.2,excess_air,1.2,HX_5,tube_bank,101.25866678142027,345.24545038123495,359.83725836982114,101.19887550445719,227.17898050355916,224.1562885878361,179.88563239146657,762.6828443354104,1000.0,179.88563239146657,762.6828443354104,1000.0,7.192484584353849,,-0.03592332444593566,-0.023867952517141112,-0.05979127696307678,,,,0.2568269888852124,0.018843355052722558,0.275670343937935,0.0028808014212191283,0.44028067739884535
excess_air_1.2,excess_air,1.2,HX_6,economiser,101.19887550445719,227.17898050355916,224.1562885878361,84.92002646304142,158.94971563751977,147.46353491827938,104.79547314070487,440.0,1000.0560616130049,124.42895197141138,523.1630243029025,999.9999927992161,54.93824010039068,0.03362351073900294,-10.892913250227531,-5.385935791188247,-16.27884904141578,-0.05510561883393642,-0.0009631949548554338,-0.056068813788791846,0.15571120673291478,0.00010958402673395892,0.15582079075964875,0.002182044927658414,
excess_air_1.3,excess_air,1.3,HX_1,single_tube,101.325,1691.8298080846498,2133.184124029639,101.32171704846246,906.3888997643925,1052.9149197525041,179.88563239146657,762.6828443354104,1000.0,179.88563239146657,762.6828443354104,1000.0,6.053861156068094,,-0.00036657932606277207,-0.0029163722114909536,-0.0032829515375537256,,,,0.12432750767864871,2.2444120676766923,2.3687395753553426,0.0021661706508245516,3.79441059722254
excess_air_1.3,excess_air,1.3,HX_2,reversal_chamber,101.32171704846246,906.3888997643925,1052.9149197525041,101.32109264055737,853.2989956603384,983.6915124649436,179.88563239146657,762.6828443354104,1000.0,179.88563239146657,762.6828443354104,1000.0,3.676179123424064,,-2.2368343898538556e-05,-0.0006020395611705091,-0.0006244079050690477,,,,0.011731672027858997,0.14005663821624353,0.15178831024410253,0.0002151273773874658,0.24314499530338848
excess_air_1.3,excess_air,1.3,HX_3,tube_bank,101.32109264055737,853.2989956603384,983.6915124649436,101.24785721277478,360.1053079610854,374.7620215952762,179.88563239146657,762.6828443354104,1000.0,179.88563239146657,762.6828443354104,1000.0,9.803425764482405,,-0.043748101754011955,-0.029487326028554403,-0.07323542778256635,,,,1.110916258147305,0.2243022257484851,1.3352184838957901,0.0034727014081076444,2.1388451552938554
excess_air_1.3,excess_air,1.3,HX_4,reversal_chamber,101.24785721277478,360.1053079610854,374.7620215952762,101.24751643641798,355.38163078742446,369.27413698284073,179.88563239146657,762.6828443354104,1000.0,179.88563239146657,762.6828443354104,1000.0,2.01462784794321,,-1.114987836277599e-05,-0.0003296264784324369,-0.0003407763567952129,,,,0.002527820463461234,0.00950566376011678,0.012033484223578014,6.749785090463547e-05,0.019276065859880377
excess_air_1.3,excess_air,1.3,HX_5,tube_bank,101.24751643641798,355.38163078742446,369.27413698284073,101.1777937123544,231.35143884286663,227.46649066880624,179.88563239146657,762.6828443354104,1000.0,179.88563239146657,762.6828443354104,1000.0,7.839917808588855,,-0.04166971630915635,-0.028053007754407215,-0.06972272406356356,,,,0.29150219659392157,0.019443852956190742,0.3109460495501121,0.0030318670539616847,0.49809485088728495
excess_air_1.3,excess_air,1.3,HX_6,economiser,101.1777937123544,231.35143884286663,227.46649066880624,81.86919436480551,163.16068537863322,151.24666506853094,104.7954732574446,440.0,1000.0553959285537,125.99997488918052,529.8456234847313,999.9999828073634,60.56653744881342,0.03340865162101821,-12.885264976416439,-6.4233343711324355,-19.308599347548874,-0.05446290895231956,-0.0009502122380441169,-0.05541312119036366,0.16702278576545032,0.00010679111280868496,0.16712957687825905,0.002225990313873529,
fouling_1,fouling,1.0,HX_1,single_tube,101.325,1981.2459839107391,2612.28925950519,101.32249180181356,860.8685681096794,1014.0189711586983,179.88563239146657,762.6828443354104,1000.0,179.88563239146657,762.6828443354104,1000.0,5.041041876271002,,-0.00026185672299712965,-0.0022463414634468198,-0.0025081981864439494,,,,0.10851106743142605,2.7528525129578587,2.8613635803892845,0.0024132116886717257,4.550162898827438
fouling_1,fouling,1.0,HX_2,reversal_chamber,101.32249180181356,860.8685681096794,1014.0189711586983,101.32208927369891,804.1367185550602,938.9043828879011,179.88563239146657,762.6828443354104,1000.0,179.88563239146657,762.6828443354104,1000.0,2.898236977022768,,-1.4955271904767272e-05,-0.0003875728427669513,-0.00040252811467171855,,,,0.009455548958115801,0.12502118354804273,0.1344767325061585,0.00020441429876645088,0.21384595903810907
fouling_1,fouling,1.0,HX_3,tube_bank,101.32208927369891,804.1367185550602,938.9043828879011,101.27409313231317,332.77722753950354,349.3886892329869,179.88563239146657,762.6828443354104,1000.0,179.88563239146657,762.6828443354104,1000.0,7.668487032500493,,-0.029064536136726354,-0.018931605248974567,-0.04799614138570092,,,,0.8443481148932045,0.21105458974401692,1.0554027046372212,0.0030584707659601987,1.6783096922304002
fouling_1,fouling,1.0,HX_4,reversal_chamber,101.27409313231317,332.77722753950354,349.3886892329869,101.27387404569274,328.16485678641834,343.960936132601,179.88563239146657,762.6828443354104,1000.0,179.88563239146657,762.6828443354104,1000.0,1.5845727337404074,,-7.407241662822478e-06,-0.00021167937876874612,-0.0002190866204315686,,,,0.0018345085190495597,0.00788275563113852,0.00971726415018808,6.436104486241858e-05,0.015452469975268338
fouling_1,fouling,1.0,HX_5,tube_bank,101.27387404569274,328.16485678641834,343.960936132601,101.22751878999114,220.5082684411713,219.0618028328442,179.88563239146657,762.6828443354104,1000.0,179.88563239146657,762.6828443354104,1000.0,6.235948875367701,,-0.02809386681231517,-0.018261388889246992,-0.04635525570156216,,,,0.20594360480125387,0.017661820670933286,0.2236054254721872,0.002649887293612528,0.3555791084828333
fouling_1,fouling,1.0,HX_6,economiser,101.22751878999114,220.5082684411713,219.0618028328442,88.87846565834099,152.38352541432988,141.6869292016374,104.79547299623715,440.0,1000.0568854105127,122.08677760733354,513.2085938766146,999.9999931831245,47.03790833305927,0.03391426148608761,-8.296722409394967,-4.052330722255164,-12.34905313165013,-0.055911202858177814,-0.0009810245300526522,-0.05689222738823048,0.13840935512194924,0.00011394144671264829,0.13852329656866186,0.002109939784710054,
fouling_5,fouling,5.0,HX_1,single_tube,101.325,1981.2459839107391,2612.28925950519,101.32246310867487,966.414927565651,1155.7265896411711,179.88563239146657,762.6828443354104,1000.0,179.88563239146657,762.6828443354104,1000.0,5.517016963558387,,-0.0002905498616863133,-0.0022463414634468198,-0.002536891325133133,,,,0.07263152586547761,2.535034656416669,2.607666182282147,0.00209313795746261,4.163611584014016
fouling_5,fouling,5.0,HX_2,reversal_chamber,101.32246310867487,966.414927565651,1155.7265896411711,101.32202394876956,898.3045970083159,1063.9966980348797,179.88563239146657,762.6828443354104,1000.0,179.88563239146657,762.6828443354104,1000.0,3.1599355822242345,,-1.6536441747707653e-05,-0.0004226234635688658,-0.00043915990531657344,,,,0.008579535379278198,0.15564337232000242,0.16422290769928063,0.00021717917778012492,0.262211630270399
fouling_5,fouling,5.0,HX_3,tube_bank,101.32202394876956,898.3045970083159,1063.9966980348797,101.27014323079018,366.21792720465555,388.9373094692971,179.88563239146657,762.6828443354104,1000.0,179.88563239146657,762.6828443354104,1000.0,8.227343924867235,,-0.031611268103539474,-0.020269449875877605,-0.05188071797941708,,,,0.9238137604364445,0.28473676298059825,1.2085505234170433,0.0029764960327809866,1.9296699068903111
fouling_5,fouling,5.0,HX_4,reversal_chamber,101.27014323079018,366.21792720465555,388.9373094692971,101.26991213117451,360.4637165962571,382.1073503499678,179.88563239146657,762.6828443354104,1000.0,179.88563239146657,762.6828443354104,1000.0,1.670911490475949,,-7.878725371378073e-06,-0.0002232208902729854,-0.00023109961564436347,,,,0.0021211926696561518,0.010106430008721742,0.012227622678377893,6.64956130957633e-05,0.01952361532107262
fouling_5,fouling,5.0,HX_5,tube_bank,101.26991213117451,360.4637165962571,382.1073503499678,101.2215609178177,233.3552010645916,233.79191586819385,179.88563239146657,762.6828443354104,1000.0,179.88563239146657,762.6828443354104,1000.0,6.482847794265536,,-0.029418162552334877,-0.018933050804491938,-0.048351213356826815,,,,0.24268904127992,0.02283829667667689,0.2655273379565969,0.00250613720153075,0.4239625101173595
fouling_5,fouling,5.0,HX_6,economiser,101.2215609178177,233.3552010645916,233.79191586819385,88.64675551318481,157.04257568243509,146.94051946176356,104.79547290539216,440.0,1000.0574034370321,124.2398210501189,522.3588331354424,999.9999976540709,47.853326007218726,0.03388069317789413,-8.450683326979076,-4.124122077653778,-12.574805404632855,-0.05642793203132804,-0.0009778509300641949,-0.05740578296139225,0.1553538230456252,0.00013517555011472967,0.1554889985957399,0.0021449122196254672,
fouling_10,fouling,10.0,HX_1,single_tube,101.325,1981.2459839107391,2612.28925950519,101.32243106935022,1133.967303542664,1385.457393007567,179.88563239146657,762.6828443354104,1000.0,179.88563239146657,762.6828443354104,1000.0,6.0471272972110235,,-0.00032258918628676604,-0.0022463414634468198,-0.0025689306497335856,,,,0.04565733308985809,2.1507246349945546,2.1963819680844128,0.0016303105044221935,3.5302801871489535
fouling_10,fouling,10.0,HX_2,reversal_chamber,101.32243106935022,1133.967303542664,1385.457393007567,101.32193264386723,1053.1586653235631,1273.969598676472,179.88563239146657,762.6828443354104,1000.0,179.88563239146657,762.6828443354104,1000.0,3.5833414452214214,,-1.9136909198640025e-05,-0.0004792885738054248,-0.0004984254830040648,,,,0.006744859205098315,0.19285038109698413,0.1995952403020824,0.0002180537658346556,0.3208126512266992
fouling_10,fouling,10.0,HX_3,tube_bank,101.32193264386723,1053.1586653235631,1273.969598676472,101.26381062330286,418.23784322596566,451.1567593415971,179.88563239146657,762.6828443354104,1000.0,179.88563239146657,762.6828443354104,1000.0,9.109515163426547,,-0.03570264843322575,-0.02241937213119851,-0.05812202056442427,,,,1.0360808882332353,0.4369908120893732,1.4730717003226084,0.0029248065659286506,2.3676919194680184
fouling_10,fouling,10.0,HX_4,reversal_chamber,101.26381062330286,418.23784322596566,451.1567593415971,101.26356085080873,410.5704911060071,441.9319698198587,179.88563239146657,762.6828443354104,1000.0,179.88563239146657,762.6828443354104,1000.0,1.8050518563344768,,-8.618920108774295e-06,-0.00024115357399157676,-0.00024977249410035107,,,,0.002505495095232073,0.014009539994693218,0.016515035089925294,7.027669521569473e-05,0.026544882454522266
fouling_10,fouling,10.0,HX_5,tube_bank,101.26356085080873,410.5704911060071,441.9319698198587,101.21204684318843,254.0839378780846,257.6561781419772,179.88563239146657,762.6828443354104,1000.0,179.88563239146657,762.6828443354104,1000.0,6.871372101171151,,-0.03152059662737503,-0.01999341099289966,-0.05151400762027469,,,,0.29762010656621996,0.03228660940810319,0.3299067159743229,0.00235782465772643,0.5302643893162615
fouling_10,fouling,10.0,HX_6,economiser,101.21204684318843,254.0839378780846,257.6561781419772,88.26474709809362,164.53140668953125,155.39639323596285,104.7954727524571,440.0,1000.058275518107,127.75069641949244,537.2980644252539,999.9999923393212,49.207169554866816,0.03383398716044984,-8.706985847259515,-4.240313897835314,-12.94729974509483,-0.0573099291321628,-0.0009732496537385997,-0.05828317878590141,0.1829006527883558,0.00017379465961598432,0.18307444744797172,0.0022002833022442938,
fuel_flow_0.025kgs,fuel_flow,0.025,HX_1,single_tube,101.325,1981.2459839107391,2612.28925950519,101.3248447003047,450.06978365149325,489.65657248485604,179.88563239146657,762.6828443354104,1000.0,179.88563239146657,762.6828443354104,1000.0,0.8630240166551708,,-1.490335382215178e-05,-0.00014039634146542624,-0.00015529969528757802,,,,0.019603720463354492,0.9304270562016529,0.9500307766650077,0.0010771143265138957,1.505074117559121
fuel_flow_0.025kgs,fuel_flow,0.025,HX_2,reversal_chamber,101.3248447003047,450.06978365149325,489.65657248485604,101.3248284716823,414.5506014008529,446.71819373460346,179.88563239146657,762.6828443354104,1000.0,179.88563239146657,762.6828443354104,1000.0,0.46228294840506623,,-7.740677601307454e-07,-1.545455462659763e-05,-1.6228622386728375e-05,,,,0.0011041561254468936,0.018113859060331725,0.01921801518577862,7.571868335868012e-05,0.03044589497248748
fuel_flow_0.025kgs,fuel_flow,0.025,HX_3,tube_bank,101.3248284716823,414.5506014008529,446.71819373460346,101.3228465281036,230.77948685629394,230.83498586490845,179.88563239146657,762.6828443354104,1000.0,179.88563239146657,762.6828443354104,1000.0,1.4178476479671316,,-0.0011070190418462772,-0.0008749245368767248,-0.001981943578723002,,,,0.06220476153238639,0.03441850859019476,0.09662327012258115,0.0007854141176488165,0.15307418095013886
fuel_flow_0.025kgs,fuel_flow,0.025,HX_4,reversal_chamber,101.3228465281036,230.77948685629394,230.83498586490845,101.32283501613479,226.84060015295853,226.316680058816,179.88563239146657,762.6828443354104,1000.0,179.88563239146657,762.6828443354104,1000.0,0.32924766427195595,,-5.160858954333127e-07,-1.099588291817e-05,-1.1511968813603311e-05,,,,0.0001946812496674294,0.0018275906837804052,0.0020222719334478346,4.0875155597765735e-05,0.003203758468102567
fuel_flow_0.025kgs,fuel_flow,0.025,HX_5,tube_bank,101.32283501613479,226.84060015295853,226.316680058816,101.32027509519861,188.40509501446581,182.4484217716232,179.88563239146657,762.6828443354104,1000.0,179.88563239146657,762.6828443354104,1000.0,1.3825062531816825,,-0.0015390088464398714,-0.0010209120896874737,-0.002559920936127345,,,,0.01600576383677873,0.0036284497302237788,0.019634213567002515,0.0008559281853166839,0.031105251939373378
fuel_flow_0.025kgs,fuel_flow,0.025,HX_6,economiser,101.32027509519861,188.40509501446581,182.4484217716232,100.55668315211528,127.5264078768405,113.74794815540035,104.79548146166155,440.0,1000.008613037039,119.99937291281316,504.34517712402516,1000.0000001559715,10.354250364533689,0.008563010312002923,-0.5397004844616456,-0.22389145862169468,-0.7635919430833403,-0.008550368132631131,-6.25129347414266e-05,-0.00861288106737256,0.030698126541081755,5.0280620128309183e-05,0.03074840716121006,0.0009132665918494009,
fuel_flow_0.05kgs,fuel_flow,0.05,HX_1,single_tube,101.325,1981.2459839107391,2612.28925950519,101.32437522827499,634.5659403410903,719.1863847904852,179.88563239146657,762.6828443354104,1000.0,179.88563239146657,762.6828443354104,1000.0,2.114185861199842,,-6.318635914011061e-05,-0.0005615853658617049,-0.0006247717250018155,,,,0.04861678025872148,1.6459825795973657,1.6945993598560865,0.001646614219586243,2.6898849172067965
fuel_flow_0.05kgs,fuel_flow,0.05,HX_2,reversal_chamber,101.32437522827499,634.5659403410903,719.1863847904852,101.3242943511271,587.4944427587183,659.6100774547663,179.88563239146657,762.6828443354104,1000.0,179.88563239146657,762.6828443354104,1000.0,1.1587597221298833,,-3.3948254954891017e-06,-7.748232237661251e-05,-8.087714787210161e-05,,,,0.003467046076357797,0.049862322624250784,0.053329368700608594,0.00012285682598963765,0.08465119715618785
fuel_flow_0.05kgs,fuel_flow,0.05,HX_3,tube_bank,101.3242943511271,587.4944427587183,659.6100774547663,101.31350914790046,263.76807417653197,268.8469178999388,179.88563239146657,762.6828443354104,1000.0,179.88563239146657,762.6828443354104,1000.0,3.2149500432393445,,-0.006789697489604422,-0.003995505737033448,-0.01078520322663787,,,,0.26851060677746774,0.08127864164338335,0.349789248420851,0.0016599311047737911,0.5552302484100157
fuel_flow_0.05kgs,fuel_flow,0.05,HX_4,reversal_chamber,101.31350914790046,263.76807417653197,268.8469178999388,101.3134603836792,259.9130030656071,264.38888047277413,179.88563239146657,762.6828443354104,1000.0,179.88563239146657,762.6828443354104,1000.0,0.7019216054893348,,-1.8807256182080879e-06,-4.688349561618091e-05,-4.8764221234389006e-05,,,,0.000566003090281055,0.0034245917716597355,0.003990594861940791,4.842549814207236e-05,0.006334382736182007
fuel_flow_0.05kgs,fuel_flow,0.05,HX_5,tube_bank,101.3134603836792,259.9130030656071,264.38888047277413,101.30165329404392,197.47033113833885,192.75936578725978,179.88563239146657,762.6828443354104,1000.0,179.88563239146657,762.6828443354104,1000.0,2.8737086199285917,,-0.007574782178451808,-0.004232307456814121,-0.01180708963526593,,,,0.0568644378214504,0.007254304963670549,0.06411874278512093,0.0015309681182209046,0.10177747213512821
fuel_flow_0.05kgs,fuel_flow,0.05,HX_6,economiser,101.30165329404392,197.47033113833885,192.75936578725978,98.37263611857803,132.3636614698218,119.1731969682346,104.79547994247548,440.0,1000.0172758882287,121.09940963890898,509.0151387742255,1000.0000003166323,21.292554713587286,0.017108791656426713,-2.010060491545075,-0.9189566839208401,-2.9290171754659147,-0.017026062245675412,-0.00024950935069798007,-0.01727557159637339,0.06579682952038955,7.33844659378151e-05,0.06587021398632735,0.0016139363088409652,
fuel_flow_0.075kgs,fuel_flow,0.075,HX_1,single_tube,101.325,1981.2459839107387,2612.289259505189,101.32359083052278,762.5385869323549,884.3229260406189,179.88563239146657,762.6828443354104,1000.0,179.88563239146657,762.6828443354104,1000.0,3.5276700010969684,,-0.00014560240402495509,-0.0012635670731888345,-0.0014091694772137894,,,,0.0786401849329865,2.241527422063816,2.320167606996802,0.002071405772719017,3.6864620097423826
fuel_flow_0.075kgs,fuel_flow,0.075,HX_2,reversal_chamber,101.32359083052278,762.5385869323549,884.3229260406189,101.32338376450053,709.458062190926,815.2949687218792,179.88563239146657,762.6828443354104,1000.0,179.88563239146657,762.6828443354104,1000.0,1.9838540609197737,,-8.088678260005724e-06,-0.00019897734396122138,-0.0002070660222212271,,,,0.006329814367096645,0.08635511902037939,0.09268493338747603,0.00016540972151894213,0.147265001363716
fuel_flow_0.075kgs,fuel_flow,0.075,HX_3,tube_bank,101.32338376450053,709.458062190926,815.2949687218792,101.29739669072906,300.0274077300022,310.989056159073,179.88563239146657,762.6828443354104,1000.0,179.88563239146657,762.6828443354104,1000.0,5.329270406088172,,-0.01608760098650899,-0.009899472784925091,-0.02598707377143408,,,,0.5345889350794912,0.14255057884410843,0.6771395139235992,0.0023818615125538126,1.0758917096536347
fuel_flow_0.075kgs,fuel_flow,0.075,HX_4,reversal_chamber,101.29739669072906,300.0274077300022,310.989056159073,101.29727991242198,295.7548987663148,306.00325146426076,179.88563239146657,762.6828443354104,1000.0,179.88563239146657,762.6828443354104,1000.0,1.1240214968328228,,-4.162215363950996e-06,-0.00011261609167790423,-0.00011677830704185522,,,,0.001133566486624386,0.005560969031572341,0.006694535518196725,5.6537284945898695e-05,0.010636796577229896
fuel_flow_0.075kgs,fuel_flow,0.075,HX_5,tube_bank,101.29727991242198,295.7548987663148,306.00325146426076,101.27120117138087,208.8970992886854,205.78744688962354,179.88563239146657,762.6828443354104,1000.0,179.88563239146657,762.6828443354104,1000.0,4.49829554495215,,-0.016171941523083218,-0.009906799518057046,-0.02607874104114026,,,,0.12237520641713485,0.01218616950745577,0.13456137592459058,0.0021127848665712383,0.2138015369358401
fuel_flow_0.075kgs,fuel_flow,0.075,HX_6,economiser,101.27120117138087,208.8970992886854,205.78744688962354,94.57286115561192,142.1098148400198,130.12118869383448,104.79547809917091,440.0,1000.0277869614524,121.63014978104474,511.2690339615132,999.9999998940676,33.45143865378639,0.02555032698563787,-4.538997363308404,-2.1593426524605395,-6.6983400157689434,-0.027230333976265585,-0.0005567334084288296,-0.027787067384694417,0.10150412523851944,9.416380532214251e-05,0.10159828904384156,0.0018944410488590155,
fuel_flow_0.1kgs,fuel_flow,0.1,HX_1,single_tube,101.325,1981.2459839107391,2612.28925950519,101.32249180181356,860.8685681096794,1014.0189711586983,179.88563239146657,762.6828443354104,1000.0,179.88563239146657,762.6828443354104,1000.0,5.041041876271002,,-0.00026185672299712965,-0.0022463414634468198,-0.0025081981864439494,,,,0.10851106743142605,2.7528525129578587,2.8613635803892845,0.0024132116886717257,4.550162898827438
fuel_flow_0.1kgs,fuel_flow,0.1,HX_2,reversal_chamber,101.32249180181356,860.8685681096794,1014.0189711586983,101.32208927369891,804.1367185550602,938.9043828879011,179.88563239146657,762.6828443354104,1000.0,179.88563239146657,762.6828443354104,1000.0,2.898236977022768,,-1.4955271904767272e-05,-0.0003875728427669513,-0.00040252811467171855,,,,0.009455548958115801,0.12502118354804273,0.1344767325061585,0.00020441429876645088,0.21384595903810907
fuel_flow_0.1kgs,fuel_flow,0.1,HX_3,tube_bank,101.32208927369891,804.1367185550602,938.9043828879011,101.27409313231317,332.77722753950354,349.3886892329869,179.88563239146657,762.6828443354104,1000.0,179.88563239146657,762.6828443354104,1000.0,7.668487032500493,,-0.029064536136726354,-0.018931605248974567,-0.04799614138570092,,,,0.8443481148932045,0.21105458974401692,1.0554027046372212,0.0030584707659601987,1.6783096922304002
fuel_flow_0.1kgs,fuel_flow,0.1,HX_4,reversal_chamber,101.27409313231317,332.77722753950354,349.3886892329869,101.27387404569274,328.16485678641834,343.960936132601,179.88563239146657,762.6828443354104,1000.0,179.88563239146657,762.6828443354104,1000.0,1.5845727337404074,,-7.407241662822478e-06,-0.00021167937876874612,-0.0002190866204315686,,,,0.0018345085190495597,0.00788275563113852,0.00971726415018808,6.436104486241858e-05,0.015452469975268338
fuel_flow_0.1kgs,fuel_flow,0.1,HX_5,tube_bank,101.27387404569274,328.16485678641834,343.960936132601,101.22751878999114,220.5082684411713,219.0618028328442,179.88563239146657,762.6828443354104,1000.0,179.88563239146657,762.6828443354104,1000.0,6.235948875367701,,-0.02809386681231517,-0.018261388889246992,-0.04635525570156216,,,,0.20594360480125387,0.017661820670933286,0.2236054254721872,0.002649887293612528,0.3555791084828333
fuel_flow_0.1kgs,fuel_flow,0.1,HX_6,economiser,101.22751878999114,220.5082684411713,219.0618028328442,88.87846565834099,152.38352541432988,141.6869292016374,104.79547299623715,440.0,1000.0568854105127,122.08677760733354,513.2085938766146,999.9999931831245,47.03790833305927,0.03391426148608761,-8.296722409394967,-4.052330722255164,-12.34905313165013,-0.055911202858177814,-0.0009810245300526522,-0.05689222738823048,0.13840935512194924,0.00011394144671264829,0.13852329656866186,0.002109939784710054,
fuel_flow_0.125kgs,fuel_flow,0.125,HX_1,single_tube,101.325,1981.2459839107387,2612.289259505189,101.32107864221204,940.5044817734841,1120.7116503206535,179.88563239146657,762.6828443354104,1000.0,179.88563239146657,762.6828443354104,1000.0,6.623518538980691,,-0.00041144925128662913,-0.003509908536635657,-0.003921357787922286,,,,0.13786790357387038,3.2000733386082163,3.3379412421820898,0.0026990699779689017,5.312553038891556
fuel_flow_0.125kgs,fuel_flow,0.125,HX_2,reversal_chamber,101.32107864221204,940.5044817734841,1120.7116503206535,101.32040600636532,881.4848248371201,1041.502428069094,179.88563239146657,762.6828443354104,1000.0,179.88563239146657,762.6828443354104,1000.0,3.8802081702706395,,-2.404710392655319e-05,-0.0006485887428229821,-0.0006726358467495354,,,,0.012729711101952802,0.16452942121030711,0.17725913231225998,0.00024046424185733366,0.2821195682345706
fuel_flow_0.125kgs,fuel_flow,0.125,HX_3,tube_bank,101.32040600636532,881.4848248371201,1041.502428069094,101.24287771253947,362.53150109988746,384.5605152360462,179.88563239146657,762.6828443354104,1000.0,179.88563239146657,762.6828443354104,1000.0,10.191019543952134,,-0.04616723921052071,-0.03136105461525751,-0.07752829382577822,,,,1.185569282935035,0.28457450571104237,1.470143788646077,0.0037036072907043007,2.3398305378418054
fuel_flow_0.125kgs,fuel_flow,0.125,HX_4,reversal_chamber,101.24287771253947,362.53150109988746,384.5605152360462,101.24251896681118,357.6360447631788,378.75483523741553,179.88563239146657,762.6828443354104,1000.0,179.88563239146657,762.6828443354104,1000.0,2.0785328312359193,,-1.1661983052623316e-05,-0.0003470837452329073,-0.0003587457282855306,,,,0.0026447768022758345,0.010347552868051335,0.012992329670327173,7.193574847560824e-05,0.020678147236425286
fuel_flow_0.125kgs,fuel_flow,0.125,HX_5,tube_bank,101.24251896681118,357.6360447631788,378.75483523741553,101.16955268394746,231.94176378902512,232.1690564900986,179.88563239146657,762.6828443354104,1000.0,179.88563239146657,762.6828443354104,1000.0,8.07609299406061,,-0.0434743909830584,-0.029491891880637104,-0.0729662828636955,,,,0.3044694624511684,0.023568984304958775,0.32803844675612703,0.00315910703208667,0.5220947646305095
fuel_flow_0.125kgs,fuel_flow,0.125,HX_6,economiser,101.16955268394746,231.94176378902512,232.1690564900986,80.83787199783374,162.5410654850753,153.1476586654312,104.79546392745965,440.0,1000.1085982821822,122.5367424119014,515.1202144010625,1000.0000002092156,62.61856539284429,0.04219809401415913,-13.556546158592996,-6.775134527520711,-20.331680686113707,-0.10707930363052003,-0.0015187693362032017,-0.10859807296672326,0.1767060185416599,0.00013278905497747425,0.17683880759663742,0.002282179153018917,
