stage_name,i,x[m],dx[m],qprime[MW/m],UA_prime[MW/K/m],gas_P[kPa],gas_T[°C],gas_h[kJ/kg],water_P[kPa],water_T[°C],water_h[kJ/kg],gas_eps[-],water_x[-],boiling,gas_V[m/s],Re_gas[-],h_gas[W/m^2/K],water_V[m/s],Re_water[-],h_water[W/m^2/K],dP_fric[kPa],dP_minor[kPa],dP_total[kPa],water_dP_fric[kPa],water_dP_minor[kPa],water_dP_total[kPa],water_cp[kJ/kg/K],water_mu[Pa*s],water_k[W/m/K],water_rho[kg/m^3]
HX_1,0,0.0,0.09954716981132075,2.466328040578969,0.0013325788808756438,101.325,1981.2459839107387,2612.289259505189,1000.0,179.88563239146663,762.6828443354104,0.4831288761266683,0.0,true,9.657593422737493,28505.377430472523,504.91650221692936,,,117975.94489617972,-1.1910542685430252e-05,-0.003509908536635657,-0.003521819079321087,,,,,,,
HX_1,1,0.09954716981132075,0.09954716981132075,2.0000026765430623,0.0011201054657402627,101.32147818092068,1907.6768702633399,2502.579078767459,1000.0,179.88563239146663,762.6828443354104,0.4807096541323601,0.0,true,9.342755870662083,29142.276290789046,391.8272798940217,,,102648.21582553792,-1.1463132509138799e-05,-0.0,-1.1463132509138799e-05,,,,,,,
HX_1,2,0.1990943396226415,0.09954716981132075,1.7474620988438492,0.0010324984624977339,101.32146671778817,1847.7851546395818,2413.612545723099,1000.0,179.88563239146663,762.6828443354104,0.4786669806480912,0.0,true,9.086178219524525,29688.76299135207,347.94144172634316,,,93402.30855402209,-1.1100318305994696e-05,-0.0,-1.1100318305994696e-05,,,,,,,
HX_1,3,0.2986415094339623,0.09954716981132075,1.5814153798292232,0.0009691920219310577,101.32145561746985,1795.272253958483,2335.8798274701476,1000.0,179.88563239146663,762.6828443354104,0.4768163917441902,0.0,true,8.861211645521626,30190.300715543774,317.47922765812325,,,87270.65905881167,-1.078352830444502e-05,-0.0,-1.078352830444502e-05,,,,,,,
HX_1,4,0.398188679245283,0.09954716981132075,1.446760774211794,0.0009148365993789554,101.32144483394156,1747.5917953814842,2265.5333997893285,1000.0,179.88563239146663,762.6828443354104,0.47508547618320873,0.0,true,8.656947391325632,30665.116610747315,292.5393632490733,,,82195.36024084949,-1.0496984624627273e-05,-0.0,-1.0496984624627273e-05,,,,,,,
HX_1,5,0.49773584905660373,0.09954716981132075,1.3312054189153186,0.000866560274576525,101.32143433695693,1703.832459300911,2201.1768408025155,1000.0,179.88563239146663,762.6828443354104,0.4734525568850484,0.0,true,8.469481334007233,31118.251064625067,271.3489965472829,,,77724.29316024987,-1.0234939337227563e-05,-0.0,-1.0234939337227563e-05,,,,,,,
HX_1,6,0.5972830188679246,0.09954716981132075,1.2305196330365913,0.0008232978489796965,101.32142410201759,1663.44473782055,2141.9605546043094,1000.0,179.88563239146663,762.6828443354104,0.4719061649976882,0.0,true,8.296459365726415,31552.146889665964,253.09101851778155,,,73725.3246945069,-9.993891546485647e-06,-0.0,-9.993891546485647e-06,,,,,,,
HX_1,7,0.6968301886792453,0.09954716981132075,1.1421105184765419,0.000784327445380125,101.32141410812604,1626.001157954263,2087.223095060434,1000.0,179.88563239146663,762.6828443354104,0.4704374468677932,0.0,true,8.136050180119817,31968.648288145527,237.2057083662253,,,70125.08073364414,-9.771119136709351e-06,-0.0,-9.771119136709351e-06,,,,,,,
HX_1,8,0.796377358490566,0.09954716981132075,1.0639953122108432,0.0007490645670549959,101.3214043370069,1591.1482850208117,2036.4183564594575,1000.0,179.88563239146663,762.6828443354104,0.4690388811115278,0.0,true,7.986739653064907,32369.326956633126,223.2683088179105,,,66867.53993510448,-9.564378344676505e-06,-0.0,-9.564378344676505e-06,,,,,,,
HX_1,9,0.8959245283018867,0.09954716981132075,0.9945823323826191,0.000717020908327741,101.32139477262855,1558.5892529618313,1989.088433527633,1000.0,179.88563239146663,762.6828443354104,0.46770395663168063,0.0,true,7.847256002022668,32755.553115333558,210.94762905454516,,,63906.69554625587,-9.371790653654102e-06,-0.0,-9.371790653654102e-06,,,,,,,
HX_1,10,0.9954716981132075,0.09954716981132075,0.9325768014491319,0.0006877857594589239,101.3213854008379,1528.0726672903857,1944.8462224944183,1000.0,179.88563239146663,762.6828443354104,0.46642700201248233,0.0,true,7.716522245954663,33128.52860065335,199.98184784405123,,,61204.171802787605,-9.191770162623175e-06,-0.0,-9.191770162623175e-06,,,,,,,
HX_1,11,1.0950188679245283,0.09954716981132075,0.8769173018356744,0.0006610122980848205,101.32137620906774,1499.3841845715406,1903.3622162827994,1000.0,179.88563239146663,762.6828443354104,0.46520305491229963,0.0,true,7.593620131581494,33489.311713217896,190.16165299127226,,,58727.74780318676,-9.022968574406866e-06,-0.0,-9.022968574406866e-06,,,,,,,
HX_1,12,1.1945660377358491,0.09954716981132075,0.8267277008492482,0.0006364064476497419,101.32136718609917,1472.3398817491993,1864.3541230726644,1000.0,179.88563239146663,762.6828443354104,0.46402775435418275,0.0,true,7.477761727391886,33838.83796559365,181.31798869706455,,,56450.22303376227,-8.864232048849288e-06,-0.0,-8.864232048849288e-06,,,,,,,
HX_1,13,1.2941132075471697,0.09954716981132075,0.7812799821911953,0.000613717760697826,101.32135832186711,1446.780983042629,1827.5786242351876,1000.0,179.88563239146663,762.6828443354104,0.4628972511939864,0.0,true,7.368266833517852,34177.93756771319,173.3130072062555,,,54348.51238982111,-8.714567021150132e-06,-0.0,-8.714567021150132e-06,,,,,,,
HX_1,14,1.3936603773584906,0.09954716981132075,0.7399653060654265,0.0005927319778137152,101.32134960730009,1422.5696380038448,1792.8247856407152,1000.0,179.88563239146663,762.6828443354104,0.46180813359149364,0.0,true,7.264544894812224,34507.350156113826,166.03330714007035,,,52402.91993681278,-8.573112929185218e-06,-0.0,-8.573112929185218e-06,,,,,,,
HX_1,15,1.4932075471698112,0.09954716981132075,0.7022713493993272,0.0005732649613729671,101.32134103418717,1399.5855195481672,1759.9087563058174,1000.0,179.88563239146663,762.6828443354104,0.46075736487149954,0.0,true,7.16608042671438,34827.73719747477,159.38482540843864,,,50596.55449178953,-8.43912030682079e-06,-0.0,-8.43912030682079e-06,,,,,,,
HX_1,16,1.592754716981132,0.09954716981132075,0.6677644591975441,0.0005551577463952252,101.32133259506685,1377.7230650964793,1728.6694750199745,1000.0,179.88563239146663,762.6828443354104,0.4597422315812174,0.0,true,7.072421196224707,35139.692445169414,153.28893817413353,,,48914.85776109046,-8.311933069596473e-06,-0.0,-8.311933069596473e-06,,,,,,,
HX_1,17,1.6923018867924529,0.09954716981132075,0.6360755105230296,0.0005382724942005686,101.32132428313379,1356.8892249933851,1698.9651708483016,1000.0,179.88563239146663,762.6828443354104,0.45876029992759615,0.0,true,6.983168576063471,35443.75077353797,147.67945520780646,,,47345.22181246445,-8.190974095910924e-06,-0.0,-8.190974095910924e-06,,,,,,,
HX_1,18,1.7918490566037735,0.09954716981132075,0.6068886302195864,0.0005224891741674605,101.32131609215969,1337.0016134557532,1670.670492716621,1000.0,179.88563239146663,762.6828443354104,0.45780937910588493,0.0,true,6.897969623281374,35740.39566289701,142.50028113824766,,,45876.67756494539,-8.075733415125899e-06,-0.0,-8.075733415125899e-06,,,,,,,
HX_1,19,1.8913962264150943,0.09954716981132075,0.5799321497534667,0.0005077028327889914,101.32130801642627,1317.9869808922404,1643.6741406015149,1000.0,179.88563239146663,762.6828443354104,0.4568874903061656,0.0,true,6.816510534632618,36030.065562225966,137.70357941938335,,,44499.639896739114,-7.965758471091413e-06,-0.0,-7.965758471091413e-06,,,,,,,
HX_1,20,1.990943396226415,0.09954716981132075,0.5549713021089843,0.0004938213372227853,101.3213000506678,1299.7799443711742,1617.8768991669838,1000.0,179.88563239146663,762.6828443354104,0.45599284041123955,0.0,true,6.738511207862931,36313.15931695217,133.2483188189868,,,43205.69805749449,-7.860646048466015e-06,-0.0,-7.860646048466015e-06,,,,,,,
HX_1,21,2.0904905660377358,0.09954716981132075,0.5318022913674021,0.0004807635031896479,101.32129219002175,1282.3219267056866,1593.1899962666103,1000.0,179.88563239146663,762.6828443354104,0.45512379958362714,0.0,true,6.663720696719939,36590.040816189496,129.09911358292658,,,41987.44248445344,-7.760035539553707e-06,-0.0,-7.760035539553707e-06,,,,,,,
HX_1,22,2.1900377358490566,0.09954716981132075,0.5102474491317355,0.0004684575352042814,101.3212844299862,1265.5602651241165,1569.5337252498637,1000.0,179.88563239146663,762.6828443354104,0.454278882088471,0.0,true,6.591913392471667,36861.04298644009,125.22529098905402,,,40838.32100243406,-7.663603298400655e-06,-0.0,-7.663603298400655e-06,,,,,,,
HX_1,23,2.2895849056603774,0.09954716981132075,0.49015125656304404,0.0004568397215344626,101.32127676638291,1249.4474585863054,1546.8362827261608,1000.0,179.88563239146663,762.6828443354104,0.45345672981923835,0.0,true,6.52288579938808,37126.47123635721,121.6001363940941,,,39752.51885199813,-7.571057881916946e-06,-0.0,-7.571057881916946e-06,,,,,,,
HX_1,24,2.3891320754716983,0.09954716981132075,0.47137705981640476,0.00044585333771183665,101.32126919532502,1233.940529078091,1525.0327832815085,1000.0,179.88563239146663,762.6828443354104,0.4526560980898704,0.0,true,6.456453798508484,37386.60643886598,118.20027789244685,,,38724.85813184594,-7.482136018755677e-06,-0.0,-7.482136018755677e-06,,,,,,,
HX_1,25,2.4886792452830186,0.09954716981132075,0.4538043440550867,0.00043544772147103623,101.321261713189,1219.000477104095,1504.064420303083,1000.0,179.88563239146663,762.6828443354104,0.4518758433350165,0.0,true,6.392450314957143,37641.70752198452,115.00518159283122,,,37750.71313366815,-7.396599178522252e-06,-0.0,-7.396599178522252e-06,,,,,,,
HX_1,26,2.5882264150943395,0.09954716981132075,0.43732645989277846,0.0004255774891733167,101.32125431658983,1204.591815429655,1483.8777480644007,1000.0,179.88563239146663,762.6828443354104,0.45111491242298707,0.0,true,6.330723320480469,37892.01372751453,111.99673514780324,,,36825.938747085434,-7.314230638777533e-06,-0.0,-7.314230638777533e-06,,,,,,,
HX_1,27,2.6877735849056603,0.09954716981132075,0.4218487182199384,0.00041620186947490364,101.32124700235919,1190.6821681419633,1464.4240649456247,1000.0,179.88563239146663,762.6828443354104,0.4503723333370725,0.0,true,6.271134115813586,38137.74658682789,109.15890215641275,,,35946.80966259011,-7.234832966869953e-06,-0.0,-7.234832966869953e-06,,,,,,,
HX_1,28,2.787320754716981,0.09954716981132075,0.4072867865087956,0.0004072841345436604,101.32123976752622,1177.2419244932184,1445.6588814021077,1000.0,179.88563239146663,762.6828443354104,0.4496472070223103,0.0,true,6.2135558477346,38379.11165480364,106.47743383863587,,,35109.968535097665,-7.158225849110539e-06,-0.0,-7.158225849110539e-06,,,,,,,
HX_1,29,2.886867924528302,0.09954716981132075,0.39356533305148605,0.0003987911127576619,101.32123260930037,1164.2439388951339,1427.5414592704306,1000.0,179.88563239146663,762.6828443354104,0.44893870022854454,0.0,true,6.157872223832606,38616.300036327586,103.93962726533894,,,34312.38161554542,-7.084244212110031e-06,-0.0,-7.084244212110031e-06,,,,,,,
HX_1,30,2.9864150943396224,0.09954716981132075,0.3806168760566765,0.0003906927697291473,101.32122552505616,1151.6632699613142,1410.0344113830747,1000.0,179.88563239146663,762.6828443354104,0.44824603920823747,0.0,true,6.103976394557886,38849.489734238545,101.53412164636687,,,33551.300632699174,-7.012736590938399e-06,-0.0,-7.012736590938399e-06,,,,,,,
HX_1,31,3.085962264150943,0.09954716981132075,0.3683808027800503,0.00038296184683826354,101.32121851231958,1139.4769527235258,1393.103352378961,1000.0,179.88563239146663,762.6828443354104,0.4475685041501536,0.0,true,6.051769977390013,39078.846843095846,99.25072589745014,,,32824.22992715407,-6.943563706673098e-06,-0.0,-6.943563706673098e-06,,,,,,,
HX_1,32,3.185509433962264,0.09954716981132075,0.3568025303979584,0.00037557354835116426,101.32121156875586,1127.6637991427474,1376.7165931462189,1000.0,179.88563239146663,762.6828443354104,0.4469054242487054,0.0,true,6.001162202221605,39304.52660937068,97.08027204572511,,,32128.898016179683,-6.87659722229066e-06,-0.0,-6.87659722229066e-06,,,,,,,
HX_1,33,3.285056603773585,0.09954716981132075,0.3458327855343489,0.00036850526972888076,101.32120469215863,1116.2042228446485,1360.844872591979,1000.0,179.88563239146663,762.6828443354104,0.44625617332418477,0.0,true,5.952069160520207,39526.67437556469,95.0144900838842,,,31463.232910647388,-6.811718651039295e-06,-0.0,-6.811718651039295e-06,,,,,,,
HX_1,34,3.3846037735849057,0.09954716981132075,0.3354269835110758,0.0003617363609795259,101.32119788043998,1105.0800846697557,1345.4611214611239,1000.0,179.88563239146663,762.6828443354104,0.44562016592190723,0.0,true,5.904413143660902,39745.42642314542,93.04590071158445,,,30825.34062085263,-6.748818395658853e-06,-0.0,-6.748818395658853e-06,,,,,,,
HX_1,35,3.484150943396226,0.09954716981132075,0.32554469173492023,0.00035524791992389216,101.32119113162159,1094.2745561705256,1330.540253767968,1000.0,179.88563239146663,762.6828443354104,0.44499685382896537,0.0,true,5.858122058143982,39960.91072703893,91.16772306024845,,,30213.486382115323,-6.6877949002768395e-06,-0.0,-6.6877949002768395e-06,,,,,,,
HX_1,36,3.583698113207547,0.09954716981132075,0.31614916433379714,0.00034902261107838125,101.32118444382668,1083.7719986340899,1316.05898209821,1000.0,179.88563239146663,762.6828443354104,0.4443857229561943,0.0,true,5.813128907325018,40173.247632576,89.37379502198053,,,29626.078207917424,-6.628553899659551e-06,-0.0,-6.628553899659551e-06,,,,,,,
HX_1,37,3.6832452830188678,0.09954716981132075,0.3072069373435082,0.0003430445065451127,101.32117781527278,1073.5578555789384,1301.9956536117575,1000.0,179.88563239146663,762.6828443354104,0.44378629054043295,0.0,true,5.76937133086768,40382.550464279426,87.65850422407908,,,29061.65244141593,-6.571007752851298e-06,-0.0,-6.571007752851298e-06,,,,,,,
HX_1,38,3.7827924528301886,0.09954716981132075,0.29868747552900576,0.0003372989458652176,101.32117124426503,1063.618556980683,1288.3301040529375,1000.0,179.88563239146663,762.6828443354104,0.4431981026284447,0.0,true,5.726791194444271,40588.926074570496,86.01672802977662,,,28518.86102812145,-6.515074850188171e-06,-0.0,-6.515074850188171e-06,,,,,,,
HX_1,39,3.8823396226415094,0.09954716981132075,0.29056286338202947,0.00033177241226035957,101.32116472919017,1053.9414337380463,1275.0435274712368,1000.0,179.88563239146663,762.6828443354104,0.4426207318091756,0.0,true,5.685334223305654,40792.47533939336,84.44378122056277,,,27996.460275488647,-6.460679084299339e-06,-0.0,-6.460679084299339e-06,,,,,,,
HX_1,40,3.98188679245283,0.09954716981132075,0.28280753403394404,0.00032645242307734277,101.3211582685111,1044.5146411044016,1262.1183596874528,1000.0,179.88563239146663,762.6828443354104,0.44205377516552224,0.0,true,5.6449496742598795,40993.29360680991,82.93537023897821,,,27493.300900804257,-6.407749377069263e-06,-0.0,-6.407749377069263e-06,,,,,,,
HX_1,41,4.081433962264151,0.09954716981132075,0.27539803080927744,0.0003213274325757972,101.32115186076172,1035.3270899901886,1249.538173818676,1000.0,179.88563239146663,762.6828443354104,0.44149685242060044,0.0,true,5.605590041369841,41191.47110384696,81.4875530534826,,,27008.31919843985,-6.356219255674611e-06,-0.0,-6.356219255674611e-06,,,,,,,
HX_1,42,4.1809811320754715,0.09954716981132075,0.2683127969617302,0.00031638674547095075,101.32114550454247,1026.36838519319,1237.2875864101268,1000.0,179.88563239146663,762.6828443354104,0.44094960425675755,0.0,true,5.567210791330103,41387.09330618173,80.09670385697206,,,26540.52918233432,-6.306026471770872e-06,-0.0,-6.306026471770872e-06,,,,,,,
HX_1,43,4.280528301886792,0.09954716981132075,0.26153198981223447,0.00031162043987182595,101.32113919851601,1017.628769741974,1225.3521729202207,1000.0,179.88563239146663,762.6828443354104,0.4404116907883594,0.0,true,5.52977012503268,41580.24127468425,78.7594819341317,,,26089.015580363357,-6.257112658715028e-06,-0.0,-6.257112658715028e-06,,,,,,,
HX_1,44,4.380075471698113,0.09954716981132075,0.2550373160733769,0.00030701929844742363,101.32113294140333,1009.0990746466331,1213.7183914733569,1000.0,179.88563239146663,762.6828443354104,0.4398827901717578,0.0,true,5.493228762297844,41770.99196233958,77.47280413508604,,,25652.9275747379,-6.209423022398269e-06,-0.0,-6.209423022398269e-06,,,,,,,
HX_1,45,4.479622641509434,0.09954716981132075,0.24881188561668702,0.00030257474681580647,101.32112673198031,1000.7706734436246,1202.3735139380126,1000.0,179.88563239146663,762.6828443354104,0.4393625973379002,0.0,true,5.457549747142979,41959.41849463303,76.2338204777674,,,25231.47319732848,-6.16290606184806e-06,-0.0,-6.16290606184806e-06,,,,,,,
HX_1,46,4.579169811320755,0.09954716981132075,0.24284008133529716,0.00029827879828845397,101.32112056907425,992.6354410005723,1191.3055635097328,1000.0,179.88563239146663,762.6828443354104,0.4388508228348027,0.0,true,5.422698271301249,42145.59042612126,75.03989247223309,,,24823.91430129523,-6.117513316257098e-06,-0.0,-6.117513316257098e-06,,,,,,,
HX_1,47,4.678716981132076,0.09954716981132075,0.23710744308773246,0.000294124004219054,101.32111445156093,984.6857161146198,1180.5032580830502,1000.0,179.88563239146663,762.6828443354104,0.4383471917686391,0.0,true,5.388641513991921,42329.573975591775,73.88857381941327,,,24429.56204100105,-6.073199135523336e-06,-0.0,-6.073199135523336e-06,,,,,,,
HX_1,48,4.7782641509433965,0.09954716981132075,0.2316005639898219,0.0002901034093053268,101.3211083783618,976.9142674960445,1169.9559587859503,1000.0,179.88563239146663,762.6828443354104,0.4378514428335126,0.0,true,5.355348496193259,42511.43224193014,72.77759318649355,,,24047.77280120398,-6.029920471751174e-06,-0.0,-6.029920471751174e-06,,,,,,,
HX_1,49,4.8778113207547165,0.09954716981132075,0.2263069975597772,0.0002862105112773949,101.32110234844131,969.3142627788826,1159.653623127615,1000.0,179.88563239146663,762.6828443354104,0.4373633274211288,0.0,true,5.322789947883213,42691.22540257034,71.70483880301589,,,23677.944524221835,-5.987636689478663e-06,-0.0,-5.987636689478663e-06,,,,,,,
HX_1,50,4.977358490566037,0.09954716981132075,0.22121517442359417,0.0002824392244789344,101.32109636080463,961.8792402435071,1149.5867622766418,1000.0,179.88563239146663,762.6828443354104,0.4368826088025868,0.0,true,5.290938186898175,42869.01089621148,70.66834465716096,,,23319.513390351058,-5.9463093926661155e-06,-0.0,-5.9463093926661155e-06,,,,,,,
HX_1,51,5.076905660377358,0.09954716981132075,0.21631432745993673,0.00027878384690972204,101.32109041449525,954.6030829734697,1139.7464020444775,1000.0,179.88563239146663,762.6828443354104,0.4364090613753697,0.0,true,5.259767008220209,43044.84359126936,69.6662781016485,,,22971.95081247218,-5.905902266717221e-06,-0.0,-5.905902266717221e-06,,,,,,,
HX_1,52,5.176452830188679,0.09954716981132075,0.21159442476757523,0.0002752390306389792,101.32108450859297,947.479995786509,1130.1240479886987,1000.0,179.88563239146663,762.6828443354104,0.43594247000784536,0.0,true,5.229251585148886,43218.77592703283,68.69692878277952,,,22634.76073563376,-5.866380937251243e-06,-0.0,-5.866380937251243e-06,,,,,,,
HX_1,53,5.276,0.0,0.0,0.0,101.32107864221204,940.5044817734841,1120.7116503206535,1000.0,179.88563239146663,762.6828443354104,0.43548262928245896,0.0,true,5.199368368793404,43390.85810080731,0.0,,,0.0,0.0,0.0,0.0,,,,,,,
HX_2,54,5.276,0.04,0.2871947715151878,0.0003480781563353913,101.32107864221204,940.5044817734841,1120.7116503206535,1000.0,179.88563239146663,762.6828443354104,0.4517855409772342,0.0,true,3.9807664073574482,37967.0008382064,74.89375400309336,,,25891.520140552617,-1.2367338318068395e-06,-3.323004551055211e-05,-3.4466779342358956e-05,,,,,,,
HX_2,55,5.316,0.04,0.24363131280140396,0.0003152881476618023,101.3210441754327,936.6968415242007,1115.5782675292285,1000.0,179.88563239146663,762.6828443354104,0.4515391541314925,0.0,true,3.9682787609098735,38049.84115857247,68.75949118597502,,,22898.11559132987,-1.232247288641239e-06,-3.31258030061425e-05,-3.435805029478374e-05,,,,,,,
HX_2,56,5.356,0.04,0.23533366080969592,0.00031138980532925334,101.3210098173824,933.4649311335282,1111.2235476225537,1000.0,179.88563239146663,762.6828443354104,0.4513293262874557,0.0,true,3.9576794873138423,38120.51951807787,67.94567232119725,,,22284.60203107135,-1.2284409218768086e-06,-3.30373239777514e-05,-3.426576489962821e-05,,,,,,,
HX_2,57,5.396,0.04,0.23244488609898098,0.00030946770402989326,101.32097555161751,930.3414861666405,1107.0171417806353,1000.0,179.88563239146663,762.6828443354104,0.45112593420384706,0.0,true,3.947435968072676,38189.14581999918,67.49530788450643,,,22091.076867669843,-1.2247638267610144e-06,-3.29518146622731e-05,-3.417657848903412e-05,,,,,,,
HX_2,58,5.436,0.04,0.23012576708032179,0.0003077023671152543,101.32094137503903,927.2548247406531,1102.862370536064,1000.0,179.88563239146663,762.6828443354104,0.4509243498420621,0.0,true,3.937313087999896,38257.27520234685,67.07530407941753,,,21942.25677508054,-1.2211315042742595e-06,-3.286731240037333e-05,-3.408844390464759e-05,,,,,,,
HX_2,59,5.476,0.04,0.22788902936573097,0.00030596932284199886,101.32090728659512,924.1974280673477,1098.749051737157,1000.0,179.88563239146663,762.6828443354104,0.45072409810715386,0.0,true,3.9272861857437373,38325.065912536185,66.66292232599645,,,21799.03909021858,-1.2175350616359134e-06,-3.2783611327714004e-05,-3.400114638934992e-05,,,,,,,
HX_2,60,5.516,0.04,0.22569206486900512,0.00030425977311597345,101.32087328544874,921.168240720703,1094.6757128822867,1000.0,179.88563239146663,762.6828443354104,0.45052512327223604,0.0,true,3.9173517996728853,38392.534917300836,66.25651977704081,,,21657.98126756084,-1.2139732197192753e-06,-3.2700682547807785e-05,-3.3914655767527066e-05,,,,,,,
HX_2,61,5.556,0.04,0.2235307448109199,0.00030257270906720494,101.32083937079297,918.1667717742047,1090.6416430561674,1000.0,179.88563239146663,762.6828443354104,0.45032740603501686,0.0,true,3.9075083197027123,38459.68692695851,65.85587052364104,,,21518.774541281422,-1.210445365034042e-06,-3.261851262023141e-05,-3.382895798526545e-05,,,,,,,
HX_2,62,5.596,0.04,0.22140401886148384,0.00030090764929223385,101.32080554183499,915.1925841033793,1086.6462051422322,1000.0,179.88563239146663,762.6828443354104,0.4501309302728056,0.0,true,3.8977543122153846,38526.52561508583,65.46084559253327,,,21381.362445723746,-1.2069509484196263e-06,-3.2537089577644656e-05,-3.3744040526064276e-05,,,,,,,
HX_2,63,5.636,0.04,0.21931109017351216,0.00029926415785389845,101.32077179779446,912.2452535384751,1082.6887807977391,1000.0,179.88563239146663,762.6828443354104,0.4499356803853347,0.0,true,3.8880883860813085,38593.054515842334,65.07132556643501,,,21245.708533246514,-1.203489436939125e-06,-3.24564018073843e-05,-3.365989124432343e-05,,,,,,,
HX_2,64,5.676,0.04,0.21725120119049882,0.0002976418123831072,101.32073813790322,909.3243655291534,1078.7687659229714,1000.0,179.88563239146663,762.6828443354104,0.4497416410866183,0.0,true,3.878509181719449,38659.277093446384,64.6871947707138,,,21111.77865946214,-1.2000603099227838e-06,-3.237643796014345e-05,-3.357649827006623e-05,,,,,,,
HX_2,65,5.716,0.04,0.21522361732487,0.0002960402016705703,101.32070456140494,906.4295146536798,1074.8855699589433,1000.0,179.88563239146663,762.6828443354104,0.4495487973827076,0.0,true,3.8690153694875615,38725.19674873958,64.30834078952437,,,20979.539658756054,-1.1966630583590854e-06,-3.229718693653372e-05,-3.349384999489281e-05,,,,,,,
HX_2,66,5.756,0.04,0.213227625093991,0.0002944589251786826,101.32067106755494,903.5603043438858,1071.0386154768503,1000.0,179.88563239146663,762.6828443354104,0.44935713456324555,0.0,true,3.8596056487801587,38790.81682110052,63.93465433001454,,,20848.959223810347,-1.1932971845408367e-06,-3.2218637879555494e-05,-3.341193506409633e-05,,,,,,,
HX_2,67,5.795999999999999,0.04,0.21126253130976566,0.0002928975926889838,101.32063765561988,900.7163466337635,1067.2273378008326,1000.0,179.88563239146663,762.6828443354104,0.4491666381942181,0.0,true,3.8502787472039697,38856.14058998639,63.5660291130416,,,20720.00587192871,-1.1899622017401923e-06,-3.214078016771478e-05,-3.333074236945497e-05,,,,,,,
HX_2,68,5.836,0.04,0.20932766236922576,0.0002913558239705612,101.32060432487751,897.8972619177424,1063.4511846452294,1000.0,179.88563239146663,762.6828443354104,0.4489772941109984,0.0,true,3.8410334197851776,38921.1712764005,63.20236176970302,,,20592.648918371666,-1.186657633896231e-06,-3.2063603408405674e-05,-3.3250261042301905e-05,,,,,,,
HX_2,69,5.8759999999999994,0.04,0.20742236357873356,0.0002898332484616137,101.32057107461647,895.1026787173533,1059.709615764509,1000.0,179.88563239146663,762.6828443354104,0.44878908841161536,0.0,true,3.8318684482041445,38985.91204431864,62.84355174218225,,,20466.858451097076,-1.183383015313425e-06,-3.198709743152199e-05,-3.3170480446835415e-05,,,,,,,
HX_2,70,5.9159999999999995,0.04,0.20554599850594862,0.00028832950496315157,101.32053790413603,892.3322334558651,1056.0021026152758,1000.0,179.88563239146663,762.6828443354104,0.44860200745023127,0.0,true,3.822782640056296,39050.36600206543,62.48950118862671,,,20342.605306481226,-1.1801378903705671e-06,-3.1911252283287434e-05,-3.3091390173658e-05,,,,,,,
HX_2,71,5.9559999999999995,0.04,0.2036979483579848,0.0002868442413442798,101.32050481274587,889.585570240581,1052.3281280298681,1000.0,179.88563239146663,762.6828443354104,0.4484160378308223,0.0,true,3.813774828138122,39114.53620365256,62.14011489186533,,,20219.861045953647,-1.1769218132396611e-06,-3.18360582202954e-05,-3.301298003353505e-05,,,,,,,
HX_2,72,5.9959999999999996,0.04,0.2018776113845213,0.00028537711425855543,101.32047179976583,886.862340652482,1048.687185901064,1000.0,179.88563239146663,762.6828443354104,0.44823116640105365,0.0,true,3.8048438697572795,39178.42565007599,61.79530017178548,,,20098.597933504025,-1.173734347614403e-06,-3.176150570374991e-05,-3.2935240051364314e-05,,,,,,,
HX_2,73,6.036,0.04,0.20008440230471675,0.00028392778887093294,101.32043886452577,884.162203542926,1045.0787808774605,1000.0,179.88563239146663,762.6828443354104,0.44804738024634283,0.0,true,3.795988646065826,39242.03729057341,61.454966801198864,,,19978.78891402337,-1.1705750664478624e-06,-3.168758539389972e-05,-3.285816046034758e-05,,,,,,,
HX_2,74,6.076,0.0,0.0,0.0,101.32040600636532,881.4848248371201,1041.502428069094,1000.0,179.88563239146663,762.6828443354104,0.4478646666841025,0.0,true,3.787208061415673,39305.37402384388,0.0,,,0.0,0.0,0.0,0.0,,,,,,,
HX_3,75,6.076,0.09949999999999999,0.6932700727990262,0.000993445144020221,101.32040600636532,881.4848248371201,1041.502428069094,1000.0,179.88563239146663,762.6828443354104,0.08581240159526637,0.0,true,14.224923466512696,7012.555579633161,36.39388947191374,,,13990.066989170386,-0.0013562651671455222,-0.014867012256641004,-0.016223277423786528,,,,,,,
HX_3,76,6.1754999999999995,0.09949999999999999,0.6476839293011227,0.0009480880410349409,101.30418272894153,858.3574883091823,1010.678165239777,1000.0,179.88563239146663,762.6828443354104,0.084860258711147,0.0,true,13.942230647208312,7112.1440149487835,34.91808227233645,,,13403.36582587467,-0.0013244830504273236,-0.0,-0.0013244830504273236,,,,,,,
HX_3,77,6.2749999999999995,0.09949999999999999,0.6126230740630307,0.0009294005103342749,101.3028582458911,836.6661005369459,981.8807593649933,1000.0,179.88563239146663,762.6828443354104,0.08396724305322589,0.0,true,13.675132082805138,7208.901938039717,34.22051547634159,,,12903.480892915317,-0.0012945976866318518,-0.0,-0.0012945976866318518,,,,,,,
HX_3,78,6.374499999999999,0.09949999999999999,0.5828350706899561,0.000913297410666423,101.30156364820446,816.0712635240612,954.64223372924,1000.0,179.88563239146663,762.6828443354104,0.08311029557916516,0.0,true,13.421534427887961,7303.942757981911,33.60934420196619,,,12478.25596454856,-0.0012663230440809702,-0.0,-0.0012663230440809702,,,,,,,
HX_3,79,6.473999999999999,0.09949999999999999,0.5554848605968256,0.0008983153795509499,101.30029732516039,796.405721999961,928.7281461171375,1000.0,179.88563239146663,762.6828443354104,0.08228355663428732,0.0,true,13.179377665868547,7397.739307474405,33.04077688697894,,,12082.499708597401,-0.0012394163304060046,-0.0,-0.0012394163304060046,,,,,,,
HX_3,80,6.573499999999999,0.09949999999999999,0.5300777950113539,0.0008842767327405623,101.29905790882998,777.5957697981468,904.0301070514464,1000.0,179.88563239146663,762.6828443354104,0.08148486208868089,0.0,true,12.947754363437973,7490.386163738795,32.50860992547921,,,11709.168982580682,-0.001213765599352713,-0.0,-0.001213765599352713,,,,,,,
HX_3,81,6.673,0.09949999999999999,0.5064000670161031,0.0008710899254670869,101.29784414323062,759.5833455761143,880.461720192036,1000.0,179.88563239146663,762.6828443354104,0.0807125933605588,0.0,true,12.725949783477397,7581.930636688775,32.009298067540044,,,11355.91975862709,-0.0011892817213391411,-0.0,-0.0011892817213391411,,,,,,,
HX_3,82,6.772499999999999,0.09949999999999999,0.4842835683289744,0.0008586782785788218,101.29665486150928,742.3167537461759,857.9460955093382,1000.0,179.88563239146663,762.6828443354104,0.07996530929116996,0.0,true,12.513327560567902,7672.411198740182,31.539843448700378,,,11021.020496061838,-0.0011658854127679637,-0.0,-0.0011658854127679637,,,,,,,
HX_3,83,6.872,0.09949999999999999,0.463594946848149,0.0008469819475604942,101.29548897609651,725.7598501193779,836.413817418709,1000.0,179.88563239146663,762.6828443354104,0.07924216364993575,0.0,true,12.30944290409198,7761.803289091576,31.09789931026549,,,10703.151980990631,-0.0011435194448556828,-0.0,-0.0011435194448556828,,,,,,,
HX_3,84,6.9715,0.09949999999999999,0.44420027118031574,0.000835961686920794,101.29434545665164,709.8495890528916,815.8013994748202,1000.0,179.88563239146663,762.6828443354104,0.07854106021119955,0.0,true,12.113519467801263,7850.247340314769,30.681914084890515,,,10400.8977042054,-0.0011220911600059184,-0.0,-0.0011220911600059184,,,,,,,
HX_3,85,7.071,0.09949999999999999,0.42596891764437245,0.0008255137034470111,101.29322336549164,694.557709434121,796.0513100862163,1000.0,179.88563239146663,762.6828443354104,0.07786135349446144,0.0,true,11.925209495506584,7937.713488173766,30.287898226631278,,,10112.792029411768,-0.0011015557293939501,-0.0,-0.0011015557293939501,,,,,,,
HX_3,86,7.1705,0.09949999999999999,0.4088024823318322,0.0008155952764438247,101.29212180976225,679.8481107933416,777.1118254751582,1000.0,179.88563239146663,762.6828443354104,0.07720199987197407,0.0,true,11.744068586838033,8024.2285871246295,29.914188876549535,,,9837.780497472459,-0.0010818584101795368,-0.0,-0.0010818584101795368,,,,,,,
HX_3,87,7.27,0.09949999999999999,0.3926143838091816,0.000806168014289682,101.29103995135208,665.6879136176158,758.935597111104,1000.0,179.88563239146663,762.6828443354104,0.0765620452316772,0.0,true,11.569691993615992,8109.815521858924,29.559293558486175,,,9574.936513611272,-0.0010629494267427545,-0.0,-0.0010629494267427545,,,,,,,
HX_3,88,7.3694999999999995,0.09949999999999999,0.3773273015168445,0.0007971972665422965,101.28997700192532,652.0470315916475,741.479126058307,1000.0,179.88563239146663,762.6828443354104,0.07594061243785832,0.0,true,11.401709352928883,8194.49396168264,29.22186709504368,,,9323.425336947901,-0.0010447833160242065,-0.0,-0.0010447833160242065,,,,,,,
HX_3,89,7.468999999999999,0.09949999999999999,0.3628718989817155,0.000788651659519941,101.28893221860929,638.8978415005171,724.7023512176518,1000.0,179.88563239146663,762.6828443354104,0.07533689212805528,0.0,true,11.239780623085426,8278.280824890324,28.90069315021462,,,9082.491427906603,-0.0010273184165764443,-0.0,-0.0010273184165764443,,,,,,,
HX_3,90,7.568499999999999,0.09949999999999999,0.3491857996750836,0.0007805027033762796,101.28790490019273,626.2149040136593,708.5682943371772,1000.0,179.88563239146663,762.6828443354104,0.0747501349722649,0.0,true,11.083592646077106,8361.190662686968,28.59466862078046,,,8851.448792697687,-0.0010105164359693454,-0.0,-0.0010105164359693454,,,,,,,
HX_3,91,7.667999999999999,0.09949999999999999,0.33621272207071373,0.0007727244564681012,101.28689438375675,613.9747246359226,693.0427505581389,1000.0,179.88563239146663,762.6828443354104,0.07417964505912555,0.0,true,10.932856204601444,8443.235986539625,28.302790320998046,,,8629.672812584608,-0.0009943420803871059,-0.0,-0.0009943420803871059,,,,,,,
HX_3,92,7.767499999999999,0.09949999999999999,0.3239017429595961,0.0007652932371425285,101.28590004167636,602.1555478615024,678.0940174182253,1000.0,179.88563239146663,762.6828443354104,0.07362477421127489,0.0,true,10.787303487891753,8524.427549195714,28.02414356375433,,,8416.59324261703,-0.0009787627356570158,-0.0,-0.0009787627356570158,,,,,,,
HX_3,93,7.866999999999999,0.09949999999999999,0.3122066668513373,0.0007581873750753485,101.2849212789407,590.7371790255705,663.6926566093732,1000.0,179.88563239146663,762.6828443354104,0.07308491707506504,0.0,true,10.646685898566439,8604.774587048058,27.757892321619046,,,8211.68818055513,-0.0009637481911859013,-0.0,-0.0009637481911859013,,,,,,,
HX_3,94,7.9665,0.09949999999999999,0.30108548375488015,0.000751386995786704,101.28395753074952,579.7008294008533,649.8112837733314,1000.0,179.88563239146663,762.6828443354104,0.07255950685951573,0.0,true,10.510772145670702,8684.285030028686,27.503270711599594,,,8014.478848049657,-0.000949270399908919,-0.0,-0.000949270399908919,,,,,,,
HX_3,95,8.065999999999999,0.09949999999999999,0.2904999009882174,0.0007448738331345313,101.2830082603496,569.0289809094442,636.4243824054562,1000.0,179.88563239146663,762.6828443354104,0.07204801162254038,0.0,true,10.379346579218002,8762.965684065053,27.259575594820635,,,7824.525055675767,-0.0009353032686300423,-0.0,-0.0009353032686300423,,,,,,,
HX_3,96,8.1655,0.09949999999999999,0.28041493730880596,0.0007386310655183554,101.28207295708097,558.7052674723117,623.508138575241,1000.0,179.88563239146663,762.6828443354104,0.07154993102081819,0.0,true,10.252207729569383,8840.822390226478,27.026160119963905,,,7641.421246635498,-0.0009218224741435921,-0.0,-0.0009218224741435921,,,,,,,
HX_3,97,8.264999999999999,0.09949999999999999,0.27079856975616723,0.0007326431722710258,101.28115113460682,548.7143705396313,611.0402936926661,1000.0,179.88563239146663,762.6828443354104,0.07106479345432948,0.0,true,10.129167021399983,8917.860163962785,26.80242806933284,,,7464.793032450575,-0.0009088053013324746,-0.0,-0.0009088053013324746,,,,,,,
HX_3,98,8.3645,0.09949999999999999,0.2616214252781281,0.0007268958073149001,101.2802423293055,539.0419267634508,599.0000129766879,1000.0,179.88563239146663,762.6828443354104,0.0705921535483427,0.0,true,10.010047637153765,8994.083317259809,26.58782889052783,,,7294.294148822443,-0.0008962305000865513,-0.0,-0.0008962305000865513,,,,,,,
HX_3,99,8.463999999999999,0.09949999999999999,0.2528565105649293,0.0007213756876443953,101.2793460988054,529.6744461125286,587.3677676346716,1000.0,179.88563239146663,762.6828443354104,0.070131589925153,0.0,true,9.894683509053458,9069.495566065454,26.38185331624594,,,7129.603771841246,-0.0008840781584084008,-0.0,-0.0008840781584084008,,,,,,,
HX_3,100,8.5635,0.09949999999999999,0.24447897461059598,0.0007160704945912578,101.27846202064698,520.5992390043227,576.1252290539802,1000.0,179.88563239146663,762.6828443354104,0.0696827032256202,0.0,true,9.782918422120478,9144.10012496019,26.184029490574858,,,6970.424144475811,-0.0008723295894996921,-0.0,-0.0008723295894996921,,,,,,,
HX_3,101,8.663,0.09949999999999999,0.23646589941269305,0.0007109687861516741,101.27758969105749,511.8043512541542,565.2551735505895,1000.0,179.88563239146663,762.6828443354104,0.06924511434687652,0.0,true,9.67460521343065,9217.899790734013,25.993919533113583,,,6816.478471243064,-0.000860967230969762,-0.0,-0.000860967230969762,,,,,,,
HX_3,102,8.7625,0.09949999999999999,0.2287961149516914,0.0007060599189207098,101.27672872382651,503.27850582655503,554.7413964236388,1000.0,179.88563239146663,762.6828443354104,0.06881846286778537,0.0,true,9.569605055109273,9290.897016277655,25.811116482937674,,,6667.509045503257,-0.0008499745545943274,-0.0,-0.0008499745545943274,,,,,,,
HX_3,103,8.861999999999998,0.09949999999999999,0.22145003519114798,0.0007013339783979979,101.27587874927191,495.0110505266691,544.568634236387,1000.0,179.88563239146663,762.6828443354104,0.0684024056380278,0.0,true,9.46778681045111,9363.093975983822,25.635241573186043,,,6523.275579222215,-0.0008393359852888992,-0.0,-0.0008393359852888992,,,,,,,
HX_3,104,8.9615,0.09949999999999999,0.2144095123363728,0.0006967817166121642,101.27503941328662,486.9919108964467,534.7224943889543,1000.0,179.88563239146663,762.6828443354104,0.06799661551026426,0.0,true,9.369026454113088,9434.492623680248,25.465941794395068,,,6383.553709527846,-0.0008290368281578214,-0.0,-0.0008290368281578214,,,,,,,
HX_3,105,9.061,0.09949999999999999,0.207657707520631,0.0006923944965219202,101.27421037645847,479.2115483268344,525.1893919551941,1000.0,179.88563239146663,762.6828443354104,0.06760078023043292,0.0,true,9.27320655652662,9505.094738102096,25.302887724119493,,,6248.133670378043,-0.0008190632034647011,-0.0,-0.0008190632034647011,,,,,,,
HX_3,106,9.160499999999999,0.09949999999999999,0.20117897330051862,0.0006881642405979357,101.27339131325499,471.66091960524284,515.9564891077182,1000.0,179.88563239146663,762.6828443354104,0.06721460130636037,0.0,true,9.180215785938211,9574.901986124029,25.145771524315933,,,6116.819059397257,-0.0008094019845310485,-0.0,-0.0008094019845310485,,,,,,,
HX_3,107,9.26,0.09949999999999999,0.19495875145683536,0.0006840833866134168,101.27258191127046,464.3314439858551,507.0116445477111,1000.0,179.88563239146663,762.6828443354104,0.0668377931742492,0.0,true,9.089948503116341,9643.91594523645,24.99430521759232,,,5989.425784732838,-0.0008000407462515891,-0.0,-0.0008000407462515891,,,,,,,
HX_3,108,9.359499999999999,0.09949999999999999,0.188983479468197,0.0006801448463225695,101.27178187052421,457.21497075129105,498.3433642657134,1000.0,179.88563239146663,762.6828443354104,0.0664700823162202,0.0,true,9.00230436206531,9712.13814521462,24.84821907997759,,,5865.781079632588,-0.000790967715087991,-0.0,-0.000790967715087991,,,,,,,
HX_3,109,9.459,0.09949999999999999,0.18324050685665166,0.0006763419684228496,101.27099090280912,450.3037502649032,489.9407572707781,1000.0,179.88563239146663,762.6828443354104,0.06611120648839297,0.0,true,8.91718795371781,9779.570099700508,24.707260201130417,,,5745.722618508905,-0.0007821717243032955,-0.0,-0.0007821717243032955,,,,,,,
HX_3,110,9.558499999999999,0.09949999999999999,0.1777180198824854,0.0006726685049843242,101.27020873108482,443.5904075337078,481.79349503908355,1000.0,179.88563239146663,762.6828443354104,0.06576091401702189,0.0,true,8.834508480531998,9846.213334079253,24.571191180506375,,,5629.097716876212,-0.0007736421730957508,-0.0,-0.0007736421730957508,,,,,,,
HX_3,111,9.658,0.09949999999999999,0.17240497360680374,0.0006691185809661574,101.26943508891172,437.0679180148011,473.8917743107765,1000.0,179.88563239146663,762.6828443354104,0.06541896315526108,0.0,true,8.754179458704332,9912.06941003932,24.43978894447902,,,5515.76260533997,-0.0007653689892178253,-0.0,-0.0007653689892178253,,,,,,,
HX_3,112,9.7575,0.09949999999999999,0.16729103048831853,0.0006656866664885137,101.2686697199225,430.72958543205914,466.22628290744825,1000.0,179.88563239146663,762.6828443354104,0.06508512149411716,0.0,true,8.676118445127303,9977.13994714811,24.312843671319268,,,5405.581769582641,-0.0007573425947186116,-0.0,-0.0007573425947186116,,,,,,,
HX_3,113,9.857,0.09949999999999999,0.1623665047887746,0.0006623675515694488,101.26791237732779,424.5690213984543,458.7881682797405,1000.0,179.88563239146663,762.6828443354104,0.0647591654219335,0.0,true,8.600246786572589,10041.426641738813,24.19015781257613,,,5298.4273493250685,-0.0007495538744919161,-0.0,-0.0007495538744919161,,,,,,,
HX_3,114,9.956499999999998,0.09949999999999999,0.1576223121526156,0.0006591563230708732,101.26716282345329,418.5801266637437,451.56900852679274,1000.0,179.88563239146663,762.6828443354104,0.06444087962744627,0.0,true,8.526489388880806,10104.931283368682,24.071545200773343,,,5194.17859009514,-0.0007419941473502484,-0.0,-0.0007419941473502484,,,,,,,
HX_3,115,10.056,0.09949999999999999,0.15304992380514335,0.0006560483436287067,101.26642082930594,412.757073828481,444.56078565749203,1000.0,179.88563239146663,762.6828443354104,0.06413005664203897,0.0,true,8.454774504199936,10167.655769081954,23.956830234566613,,,5092.721342377585,-0.0007346551393776809,-0.0,-0.0007346551393776809,,,,,,,
HX_3,116,10.1555,0.09949999999999999,0.14864132488088513,0.0006530392323680122,101.26568617416656,407.09429138358735,437.7558608881673,1000.0,179.88563239146663,762.6828443354104,0.06382649641733207,0.0,true,8.385033534539655,10229.60211568362,23.84584713352433,,,4993.947603353948,-0.0007275289593429584,-0.0,-0.0007275289593429584,,,,,,,
HX_3,117,10.254999999999999,0.09949999999999999,0.14438897645246415,0.0006501248472272548,101.26495864520723,401.58644895066584,431.1469517930946,1000.0,179.88563239146663,762.6828443354104,0.06353000593469638,0.0,true,8.317200850105163,10290.772470210564,23.738439255619305,,,4897.755096998602,-0.0007206080759788989,-0.0,-0.0007206080759788989,,,,,,,
HX_3,118,10.354499999999998,0.09949999999999999,0.140285780880829,0.0006473012687354493,101.26423803713125,396.2284436120774,424.7271111432794,1000.0,179.88563239146663,762.6828443354104,0.06324039884365518,0.0,true,8.251213621044275,10351.169118765984,23.63445847129541,,,4804.046888777112,-0.0007138852969556077,-0.0,-0.0007138852969556077,,,,,,,
HX_3,119,10.453999999999999,0.09949999999999999,0.1363250501516338,0.00064456478510307,101.2635241518343,391.01538723191413,418.48970728583447,1000.0,179.88563239146663,762.6828443354104,0.06295749512648496,0.0,true,8.18701166139095,10410.794493868052,23.533764588650207,,,4712.731031612408,-0.0007073537493938028,-0.0,-0.0007073537493938028,,,,,,,
HX_3,120,10.5535,0.09949999999999999,0.13250047690097427,0.000641911878503391,101.2628167980849,385.94259467960194,412.4284059311999,1000.0,179.88563239146663,762.6828443354104,0.06268112078661459,0.0,true,8.124537284118578,10469.651180447576,23.43622482489752,,,4623.72024015438,-0.0007010068617809838,-0.0,-0.0007010068617809838,,,,,,,
HX_3,121,10.652999999999999,0.09949999999999999,0.1288061078669738,0.0006393392124336609,101.26211579122311,381.00557287715526,406.5371532286154,1000.0,179.88563239146663,762.6828443354104,0.0624111075586844,0.0,true,8.063735166331037,10527.741920617269,23.34171331977759,,,4536.9315907077025,-0.0006948381028541855,-0.0,-0.0006948381028541855,,,,,,,
HX_3,122,10.7525,0.09949999999999999,0.12523631953299047,0.0006368436200575472,101.26142095312026,376.2000105992869,400.810160021991,1000.0,179.88563239146663,762.6828443354104,0.06214729263848273,0.0,true,8.00455222370066,10585.069617325576,23.250110687056406,,,4452.286244456541,-0.0006888419481776431,-0.0,-0.0006888419481776431,,,,,,,
HX_3,123,10.852,0.09949999999999999,0.12178579575368191,0.0006344220934398829,101.26073211117209,371.5217689627656,395.2418871887331,1000.0,179.88563239146663,762.6828443354104,0.06188951843037793,0.0,true,7.946937493467412,10641.637336994647,23.161303600635662,,,4369.709191870336,-0.0006830123846340177,-0.0,-0.0006830123846340177,,,,,,,
HX_3,124,10.9515,0.09949999999999999,0.11844950717797811,0.0006320717735955892,101.26004909878745,366.9668725478082,389.8270319733666,1000.0,179.88563239146663,762.6828443354104,0.06163763231205077,0.0,true,7.890842025099297,10697.448311236507,23.075184412217904,,,4289.129016401609,-0.0006773438893621226,-0.01649404235861651,-0.01717138624797863,,,,,,,
HX_3,125,11.050999999999998,0.0,0.0,0.0,101.24287771253947,362.53150109988746,384.5605152360462,1000.0,179.88563239146663,762.6828443354104,0.061382643324279784,0.0,true,7.837495420319692,10752.505937731225,0.0,,,0.0,0.0,0.0,0.0,,,,,,,
HX_4,126,11.050999999999998,0.04,0.017394806430871095,9.300896247389397e-05,101.24287771253947,362.53150109988746,384.5605152360462,1000.0,179.88563239146663,762.6828443354104,0.39926579262798434,0.0,true,2.086635186967363,60267.795780983506,18.938096053428804,,,3908.7697719632815,-5.85602509087797e-07,-1.7418500643164886e-05,-1.8004103152252682e-05,,,,,,,
HX_4,127,11.090999999999998,0.04,0.01658361539682131,9.04113216634369e-05,101.24285970843631,362.26948923540533,384.2495973873269,1000.0,179.88563239146663,762.6828443354104,0.39923142154776614,0.0,true,2.0857754995437303,60286.150452810354,18.52607169724049,,,3770.790511297207,-5.853230747112591e-07,-1.7411324273268038e-05,-1.7996647347979297e-05,,,,,,,
HX_4,128,11.130999999999998,0.04,0.016441274750482772,9.020906093484762e-05,101.24284171178897,362.0196792228579,383.9531789107132,1000.0,179.88563239146663,762.6828443354104,0.3991986359015537,0.0,true,2.08495586445863,60303.66341162586,18.49146069615354,,,3744.9000357653244,-5.850566748446436e-07,-1.7404482246283083e-05,-1.7989538921127725e-05,,,,,,,
HX_4,129,11.170999999999998,0.04,0.01639862398799578,9.014360877684037e-05,101.24282372225005,361.7719971601599,383.65930465600314,1000.0,179.88563239146663,762.6828443354104,0.3991661156804345,0.0,true,2.0841432139705933,60321.03979233369,18.478224472847874,,,3737.962109448809,-5.847925609841946e-07,-1.739769852427123e-05,-1.7982491085255423e-05,,,,,,,
HX_4,130,11.210999999999999,0.04,0.016365213485981155,9.008607897652732e-05,101.24280573975896,361.52494152644067,383.3661927485694,1000.0,179.88563239146663,762.6828443354104,0.39913366409196793,0.0,true,2.0833326193138255,60338.38474016901,18.466219753142127,,,3732.822983880993,-5.845291311049576e-07,-1.739093196361969e-05,-1.797546109472465e-05,,,,,,,
HX_4,131,11.250999999999998,0.04,0.016332613576514478,9.002912372938537e-05,101.24278776429786,361.2783732224285,383.0736780263614,1000.0,179.88563239146663,762.6828443354104,0.39910126295868376,0.0,true,2.0825236238938576,60355.70795047607,18.454310936049865,,,3727.836647253298,-5.842662367285456e-07,-1.7384178752837546e-05,-1.7968444989566094e-05,,,,,,,
HX_4,132,11.290999999999999,0.04,0.016300160518336847,8.997232901483558e-05,101.24276979585288,361.03228013135606,382.7817460007053,1000.0,179.88563239146663,762.6828443354104,0.3990689107578306,0.0,true,2.081716187938462,60373.01021568292,18.442434753360512,,,3722.8718880127935,-5.840038648439452e-07,-1.7377438559920154e-05,-1.79614424247641e-05,,,,,,,
HX_4,133,11.330999999999998,0.04,0.016267806038890328,8.991567140318893e-05,101.24275183441046,360.7866601350639,382.4903940467541,1000.0,179.88563239146663,762.6828443354104,0.39903660727830925,0.0,true,2.0809103044960136,60390.29162692852,18.430587640466307,,,3717.9191274810723,-5.837420131066124e-07,-1.737071132683779e-05,-1.7954453339944402e-05,,,,,,,
HX_4,134,11.370999999999999,0.04,0.01623554647643251,8.985914916782402e-05,101.2427338799571,360.54151184211014,382.1996204024945,1000.0,179.88563239146663,762.6828443354104,0.39900435240408716,0.0,true,2.0801059690003436,60407.552224590756,18.418769309079664,,,3712.9776706061352,-5.834806799476404e-07,-1.7363997015473652e-05,-1.7947477695421294e-05,,,,,,,
HX_4,135,11.410999999999998,0.04,0.01620338123117188,8.980276177230765e-05,101.24271593247941,360.2968339156813,381.9094233713639,1000.0,179.88563239146663,762.6828443354104,0.3989721460259754,0.0,true,2.0793031770645993,60424.79204547505,18.40697964827127,,,3708.047435081264,-5.832198638568491e-07,-1.7357295589207858e-05,-1.794051545306471e-05,,,,,,,
HX_4,136,11.450999999999999,0.04,0.016171309907339008,8.974650874636225e-05,101.24269799196396,360.0526250274636,381.6198012675191,1000.0,179.88563239146663,762.6828443354104,0.39893998803557384,0.0,true,2.0785019243298226,60442.011126055,18.395218556964668,,,3703.12837938346,-5.829595633335758e-07,-1.7350607011653325e-05,-1.79335665749869e-05,,,,,,,
HX_4,137,11.490999999999998,0.04,0.01613933212411396,8.969038962524995e-05,101.24268005839738,359.8088838545683,381.330752412193,1000.0,179.88563239146663,762.6828443354104,0.3989078783248682,0.0,true,2.077702206454859,60459.20950268562,18.383485935041456,,,3698.2204647822728,-5.826997768833964e-07,-1.7343931246571623e-05,-1.792663102345502e-05,,,,,,,
HX_4,138,11.530999999999999,0.04,0.01610744750346744,8.963440394655354e-05,101.24266213176635,359.56560907931316,381.04227513342306,1000.0,179.88563239146663,762.6828443354104,0.3988758167862033,0.0,true,2.0769040191156374,60476.38721161904,18.37178168287673,,,3693.3236528900698,-5.824405030178871e-07,-1.733726825786692e-05,-1.7919708760884807e-05,,,,,,,
HX_4,139,11.570999999999998,0.04,0.016075655669385205,8.957855124999551e-05,101.2426442120576,359.3227993891808,380.7543677660055,1000.0,179.88563239146663,762.6828443354104,0.3988438033122804,0.0,true,2.076107358005039,60493.544289003825,18.3601057013124,,,3688.437905506776,-5.821817402545822e-07,-1.7330618009584902e-05,-1.7912799749839484e-05,,,,,,,
HX_4,140,11.610999999999999,0.04,0.016043956247809608,8.952283107742121e-05,101.24262629925785,359.08045347679695,380.4670286514568,1000.0,179.88563239146663,762.6828443354104,0.39881183779615437,0.0,true,2.075312218832818,60510.680770887164,18.34845789165413,,,3683.563184609479,-5.819234871169397e-07,-1.7323980465912076e-05,-1.7905903953029016e-05,,,,,,,
HX_4,141,11.650999999999998,0.04,0.016012348866622842,8.94672429727809e-05,101.24260839335389,358.83857003989556,380.18025613797784,1000.0,179.88563239146663,762.6828443354104,0.39877992013123287,0.0,true,2.074518597325497,60527.79669321485,18.336838155667508,,,3678.6994523506096,-5.816657421343111e-07,-1.7317355591174975e-05,-1.7899021333309284e-05,,,,,,,
HX_4,142,11.690999999999999,0.04,0.015980833155636257,8.941178648212333e-05,101.24259049433256,358.59714778130456,379.8940485804263,1000.0,179.88563239146663,762.6828443354104,0.39874805021127513,0.0,true,2.0737264892263103,60544.89209183087,18.32524639557643,,,3673.846671057155,-5.814085038419154e-07,-1.731074334983958e-05,-1.7892151853681496e-05,,,,,,,
HX_4,143,11.730999999999998,0.04,0.01594940874657683,8.935646115357925e-05,101.24257260218072,358.3561854089112,379.60840434027,1000.0,179.88563239146663,762.6828443354104,0.39871622793038897,0.0,true,2.072935890295098,60561.96700247959,18.31368251405967,,,3669.0048032294644,-5.811517707808035e-07,-1.7304143706510537e-05,-1.7885295477291342e-05,,,,,,,
HX_4,144,11.770999999999999,0.04,0.015918075273075392,8.930126653735118e-05,101.24255471688524,358.1156816356388,379.32332178556265,1000.0,179.88563239146663,762.6828443354104,0.39868445318303103,0.0,true,2.0721467963082234,60579.02146080346,18.302146414248444,,,3664.173811540299,-5.808955414978321e-07,-1.729755662593041e-05,-1.7878452167428243e-05,,,,,,,
HX_4,145,11.810999999999998,0.04,0.015886832370654552,8.924620218570125e-05,101.24253683843307,357.8756351794209,379.0387992909043,1000.0,179.88563239146663,762.6828443354104,0.39865272586400324,0.0,true,2.071359203058495,60596.05550234691,18.29063799972384,,,3659.35365883383,-5.806398145456286e-07,-1.7290982072979022e-05,-1.7871621887524653e-05,,,,,,,
HX_4,146,11.850999999999999,0.0,0.0,0.0,101.24251896681118,357.6360447631788,378.75483523741553,1000.0,179.88563239146663,762.6828443354104,0.39862104586845337,0.0,true,2.070573106355086,60613.06916255317,0.0,,,0.0,0.0,0.0,0.0,,,,,,,
HX_5,147,11.850999999999999,0.09859649122807018,0.10145954129502983,0.0005988051509675607,101.24251896681118,357.6360447631788,378.75483523741553,1000.0,179.88563239146663,762.6828443354104,0.06111020815056656,0.0,true,9.177055319025312,12760.646139484877,25.8624642305346,,,4270.868526761136,-0.000883759694145473,-0.011317724498850898,-0.01220148419299637,,,,,,,
HX_5,148,11.94959649122807,0.09859649122807018,0.10349147563856997,0.0005953881179185133,101.23031748261818,353.8624388040947,374.2846915391665,1000.0,179.88563239146663,762.6828443354104,0.06089313235043048,0.0,true,9.123254137367198,12817.395275199044,25.726377166059425,,,4375.20136875837,-0.000877680888085642,-0.0,-0.000877680888085642,,,,,,,
HX_5,149,12.04819298245614,0.09859649122807018,0.10111044063452945,0.0005934823181262956,101.2294398017301,350.009403339722,369.7250240920088,1000.0,179.88563239146663,762.6828443354104,0.060677019976503654,0.0,true,9.06726971455674,12875.996088979327,25.644633028593848,,,4309.737512326861,-0.0008713796841545615,-0.0,-0.0008713796841545615,,,,,,,
HX_5,150,12.14678947368421,0.09859649122807018,0.09858578903630966,0.0005917064791703389,101.22856842204595,346.24125278514066,365.2702612056304,1000.0,179.88563239146663,762.6828443354104,0.06046501893565537,0.0,true,9.012518887004456,12933.959649357988,25.56793878111211,,,4237.440682697606,-0.0008652239454580794,-0.0,-0.0008652239454580794,,,,,,,
HX_5,151,12.24538596491228,0.09859649122807018,0.09612510594665087,0.0005899811570671689,101.2277031981005,342.56360835716646,360.92673039546423,1000.0,179.88563239146663,762.6828443354104,0.06025748420352073,0.0,true,8.959083502483224,12991.165527455987,25.493467877056702,,,4166.281273645646,-0.0008592224446716156,-0.0,-0.0008592224446716156,,,,,,,
HX_5,152,12.34398245614035,0.09859649122807018,0.09373582776467347,0.0005883003864830023,101.22684397565583,338.9743509150062,356.69161331222955,1000.0,179.88563239146663,762.6828443354104,0.06005433632688373,0.0,true,8.906932782732865,13047.611568210683,25.42099624872833,,,4096.604558183313,-0.0008533712957246092,-0.0,-0.0008533712957246092,,,,,,,
HX_5,153,12.44257894736842,0.09859649122807018,0.09141584564828235,0.0005866624552442633,101.22599060436009,335.4710679795256,352.561763970898,1000.0,179.88563239146663,762.6828443354104,0.05985547736697716,0.0,true,8.856031678965998,13103.301544553686,25.35045012265541,,,4028.3856011366374,-0.0008476661556534344,-0.0,-0.0008476661556534344,,,,,,,
HX_5,154,12.54117543859649,0.09859649122807018,0.08916271338255363,0.0005850659496583622,101.22514293820444,332.0514102143961,348.5341292986209,1000.0,179.88563239146663,762.6828443354104,0.0596608109727641,0.0,true,8.806346058889105,13158.239661959647,25.28176676447839,,,3961.5835313226557,-0.0008421028068321909,-0.0,-0.0008421028068321909,,,,,,,
HX_5,155,12.63977192982456,0.09859649122807018,0.08697407374702885,0.0005835095258995976,101.22430083539761,328.7131049556723,344.6057639988326,1000.0,179.88563239146663,762.6828443354104,0.059470243241484644,0.0,true,8.757842903672055,13212.430293899472,25.214886453151227,,,3896.1582947973216,-0.0008366771778785609,-0.0,-0.0008366771778785609,,,,,,,
HX_5,156,12.73836842105263,0.09859649122807018,0.08484767208287575,0.0005819918943011296,101.22346415821974,325.45395378699664,340.77382663029573,1000.0,179.88563239146663,762.6828443354104,0.05928368267740591,0.0,true,8.710490272768828,13265.87796579321,25.14975190522467,,,3832.071343004019,-0.0008313853385429068,-0.0,-0.0008313853385429068,,,,,,,
HX_5,157,12.8369649122807,0.09859649122807018,0.08278135158441667,0.0005805118159576913,101.22263277288118,322.2718295513564,337.0355750884078,1000.0,179.88563239146663,762.6828443354104,0.059101040113622605,0.0,true,8.664257260534134,13318.58735010929,25.086308128545006,,,3769.2855903720706,-0.0008262234937443966,-0.0,-0.0008262234937443966,,,,,,,
HX_5,158,12.935561403508771,0.09859649122807018,0.08077304815156063,0.0005790681001791814,101.22180654938745,319.16467348511117,333.388362293941,1000.0,179.88563239146663,762.6828443354104,0.058922228635863494,0.0,true,8.619113954613825,13370.56326178189,25.024502307068833,,,3707.765344744837,-0.0008211879778699361,-0.0,-0.0008211879778699361,,,,,,,
HX_5,159,13.034157894736841,0.09859649122807018,0.0788207855365544,0.0005776596021311116,101.22098536140957,316.13049249429173,329.8296321085901,1000.0,179.88563239146663,762.6828443354104,0.05874716350972964,0.0,true,8.5750313964005,13421.810653506594,24.964283693777766,,,3647.476240727632,-0.0008162752493644179,-0.0,-0.0008162752493644179,,,,,,,
HX_5,160,13.132754385964912,0.09859649122807018,0.07692267079042232,0.0005762852206147636,101.22016908616021,313.1673565655119,326.35691546433515,1000.0,179.88563239146663,762.6828443354104,0.05857576211121629,0.0,true,8.53198154344315,13472.334610917973,24.905603509962955,,,3588.3851768524933,-0.0008114818855959903,-0.0,-0.0008114818855959903,,,,,,,
HX_5,161,13.231350877192982,0.09859649122807018,0.07507688998843108,0.0005749438959754279,101.21935760427462,310.273396303397,322.96782669343474,1000.0,179.88563239146663,762.6828443354104,0.05840794386031578,0.0,true,8.489937233693325,13522.14034766694,24.848414850369302,,,3530.460256334264,-0.0008068045779796241,-0.0,-0.0008068045779796241,,,,,,,
HX_5,162,13.329947368421053,0.09859649122807018,0.07328170421491667,0.000573634608130373,101.21855079969663,307.44680058701476,319.6600600467441,1000.0,179.88563239146663,762.6828443354104,0.058243630157518655,0.0,true,8.448872151478747,13571.23320041703,24.792672593815425,,,3473.6707311797527,-0.0008022401273434432,-0.0,-0.0008022401273434432,,,,,,,
HX_5,163,13.428543859649121,0.09859649122807018,0.07153544578927729,0.0005723563747082979,101.21774855956929,304.68581433828274,316.4313863889384,1000.0,179.88563239146663,762.6828443354104,0.058082744323040836,0.0,true,8.408760795102408,13619.618623776665,24.738333318909746,,,3417.986949426582,-0.0007977854395233219,-0.0,-0.0007977854395233219,,,,,,,
HX_5,164,13.527140350877191,0.09859649122807018,0.06983651471646854,0.000571108249293206,101.21695077412976,301.9887363958652,313.27965006000784,1000.0,179.88563239146663,762.6828443354104,0.05792521153861896,0.0,true,8.369578445972964,13667.302185183353,24.685355224537194,,,3363.3803053080474,-0.000793437521172332,-0.0,-0.000793437521172332,,,,,,,
HX_5,165,13.625736842105262,0.09859649122807018,0.06818337534658332,0.0005698893197658047,101.21615733660857,299.35391748848167,310.2027658931441,1000.0,179.88563239146663,762.6828443354104,0.05777095879172589,0.0,true,8.331301139178233,13714.289559754741,24.63369805479921,,,3309.8231921536717,-0.0007891934757725179,-0.0,-0.0007891934757725179,,,,,,,
HX_5,166,13.724333333333332,0.09859649122807018,0.06657455322933095,0.0005686987067362042,101.2153681431328,296.7797583020031,307.1987163797957,1000.0,179.88563239146663,762.6828443354104,0.05761991482206996,0.0,true,8.29390563542011,13760.586525119808,24.583323028120624,,,3257.2889578504287,-0.000785050499837365,-0.0,-0.000785050499837365,,,,,,,
HX_5,167,13.822929824561403,0.09859649122807018,0.06500863215029033,0.0005675355620620408,101.21458309263296,294.2647076350529,304.2655489733126,1000.0,179.88563239146663,762.6828443354104,0.0574720100702516,0.0,true,8.257369394234306,13806.1989562443,24.534192770253377,,,3205.751862701443,-0.0007810058792940722,-0.0,-0.0007810058792940722,,,,,,,
HX_5,168,13.921526315789473,0.09859649122807018,0.06348425133684273,0.0005663990674467081,101.21380208675367,291.8072606382161,301.40137352316594,1000.0,179.88563239146663,762.6828443354104,0.0573271766284571,0.0,true,8.221670548423761,13851.132820260951,24.48627125093269,,,3155.187039531863,-0.0007770569860355219,-0.0,-0.0007770569860355219,,,,,,,
HX_5,169,14.020122807017543,0.09859649122807018,0.06200010282257638,0.0005652884331126233,101.21302502976764,289.40595713226355,298.6043598322752,1000.0,179.88563239146663,762.6828443354104,0.05718534819308341,0.0,true,8.186787879639052,13895.394171316406,24.43952372395278,,,3105.570455901628,-0.0007732012746324618,-0.0,-0.0007732012746324618,,,,,,,
HX_5,170,14.118719298245614,0.09859649122807018,0.06055492895980229,0.0005642028965448658,101.21225182849301,287.05938000110496,295.87273533044805,1000.0,179.88563239146663,762.6828443354104,0.05704646001918545,0.0,true,8.152700795043685,13938.989145445406,24.393916670448217,,,3056.878878295145,-0.0007694362791970706,-0.0,-0.0007694362791970706,,,,,,,
HX_5,171,14.217315789473684,0.09859649122807018,0.059147520070588516,0.0005631417213009381,101.21148239221382,284.76615365544933,293.20478285741945,1000.0,179.88563239146663,762.6828443354104,0.05691044887665497,0.0,true,8.119389305005779,13981.923955480614,24.349417745185693,,,3009.0898381671204,-0.0007657596103896124,-0.0,-0.0007657596103896124,,,,,,,
HX_5,172,14.315912280701754,0.09859649122807018,0.05777671222741911,0.0005621041958825254,101.21071663260342,282.5249425634296,290.59883854938437,1000.0,179.88563239146663,762.6828443354104,0.05677725300804115,0.0,true,8.08683400176186,14024.204886007485,24.305995725677516,,,2962.181599732106,-0.0007621689525604655,-0.0,-0.0007621689525604655,,,,,,,
HX_5,173,14.414508771929825,0.09859649122807018,0.05644138515523223,0.000561089632665523,101.20995446365087,280.3344498446693,288.0532898233053,1000.0,179.88563239146663,762.6828443354104,0.05664681208792577,0.0,true,8.055016039001666,14065.83828837311,24.263620463945553,,,2916.1331293931503,-0.0007586620610202549,-0.0,-0.0007586620610202549,,,,,,,
HX_5,174,14.513105263157893,0.09859649122807018,0.05514046024718028,0.0005600973668848873,101.20919580158984,278.19341592447165,285.56657345365454,1000.0,179.88563239146663,762.6828443354104,0.05651906718377808,0.0,true,8.023917112325737,14106.8305757536,24.222262840778132,,,2870.9240667119907,-0.0007552367594312898,-0.0,-0.0007552367594312898,,,,,,,
HX_5,175,14.611701754385965,0.09859649122807018,0.05387289868702109,0.0005591267556710515,101.20844056483041,276.1006172450658,283.1371737365867,1000.0,179.88563239146663,762.6828443354104,0.056393960718215896,0.0,true,7.993519440531325,14147.188218290838,24.18189472233038,,,2826.534696830482,-0.0007518909373139413,-0.0,-0.0007518909373139413,,,,,,,
HX_5,176,14.710298245614034,0.09859649122807018,0.05263769967150837,0.0005581771771347106,101.20768867389309,274.0548650309737,280.7636207368188,1000.0,179.88563239146663,762.6828443354104,0.056271436432602795,0.0,true,7.963805747683962,14186.917738300386,24.14248891892238,,,2782.945924257668,-0.0007486225476619704,-0.0,-0.0007486225476619704,,,,,,,
HX_5,177,14.808894736842104,0.09859649122807018,0.05143389872666874,0.0005572480294974027,101.20694005134543,272.055004105777,278.44448861284883,1000.0,179.88563239146663,762.6828443354104,0.05615143935191802,0.0,true,7.9347592459352585,14226.025705559792,24.104019145916777,,,2740.1392479443944,-0.0007454296046611739,-0.0,-0.0007454296046611739,,,,,,,
HX_5,178,14.907491228070175,0.09859649122807018,0.0502605661122307,0.0005563387302650277,101.20619462174076,270.0999117577087,276.17839401633944,1000.0,179.88563239146663,762.6828443354104,0.05603391575083805,0.0,true,7.906363619049485,14264.518732679564,24.066459986545684,,,2698.0967375710125,-0.0007423101815060813,-0.0,-0.0007423101815060813,,,,,,,
HX_5,179,15.006087719298245,0.09859649122807018,0.0491168053088953,0.0005554487154419007,101.20545231155926,268.1884966516619,273.9639945618082,1000.0,179.88563239146663,762.6828443354104,0.055918813120974575,0.0,true,7.878603006604043,14302.403470563264,24.02978685657695,,,2656.8010109795528,-0.0007392624083097303,-0.0,-0.0007392624083097303,,,,,,,
HX_5,180,15.104684210526315,0.09859649122807018,0.04800175158348217,0.0005545774387830332,101.20471304915095,266.31969778532016,271.7999873629683,1000.0,179.88563239146663,762.6828443354104,0.05580608013921373,0.0,true,7.851461988830471,14339.686603959171,23.993975970714377,,,2616.235212685603,-0.0007362844701018357,-0.0,-0.0007362844701018357,,,,,,,
HX_5,181,15.203280701754386,0.09859649122807018,0.04691457062733907,0.000553724371082481,101.20397676468085,264.4924834872837,269.6851076322836,1000.0,179.88563239146663,762.6828443354104,0.05569566663710812,0.0,true,7.824925572065136,14376.37484710846,23.959004310633265,,,2576.3829934099076,-0.0007333746049109617,-0.0,-0.0007333746049109617,,,,,,,
HX_5,182,15.301877192982456,0.09859649122807018,0.045854457263690675,0.0005528889994956906,101.20324339007594,262.7058504551517,267.61812734050864,1000.0,179.88563239146663,762.6828443354104,0.05558752357127217,0.0,true,7.798979174780026,14412.47493949195,23.924849594557063,,,2537.22849057278,-0.0007305311019265403,-0.0,-0.0007305311019265403,,,,,,,
HX_5,183,15.400473684210525,0.09859649122807018,0.044820634219912676,0.0005520708268940032,101.202512858974,260.958822831665,265.59785393318816,1000.0,179.88563239146663,762.6828443354104,0.05548160299473959,0.0,true,7.773608614166098,14447.993641679046,23.891490248291007,,,2498.756309698812,-0.0007277522997368283,-0.0,-0.0007277522997368283,,,,,,,
HX_5,184,15.499070175438597,0.09859649122807018,0.04381235096096661,0.000551269371249507,101.20178510667428,259.2504513171027,263.62312910124336,1000.0,179.88563239146663,762.6828443354104,0.05537785802923645,0.0,true,7.748800093242955,14482.937731279693,23.85890537763026,,,2460.9515066820895,-0.0007250365846391246,-0.0,-0.0007250365846391246,,,,,,,
HX_5,185,15.597666666666665,0.09859649122807018,0.0428288829594893,0.0005504841653683228,101.20106007008964,257.57981300123447,261.6928283942654,1000.0,179.88563239146663,762.6828443354104,0.05527624287988664,0.0,true,7.724540198440131,14517.31398486711,23.827074755106384,,,2423.7995849400795,-0.0007223823901088591,-0.0,-0.0007223823901088591,,,,,,,
HX_5,186,15.696263157894736,0.09859649122807018,0.041869529507918085,0.0005497147553616528,101.20033768769952,255.94600845891853,259.8058576829657,1000.0,179.88563239146663,762.6828443354104,0.05517671268289803,0.0,true,7.700815857350922,14551.129216997484,23.795978755214634,,,2387.2864376806224,-0.0007197881919259765,-0.0,-0.0007197881919259765,,,,,,,
HX_5,187,15.794859649122806,0.09859649122807018,0.04093361382358803,0.0005489607010900269,101.19961789950759,254.34816307521885,257.9611545196152,1000.0,179.88563239146663,762.6828443354104,0.05507922360832662,0.0,true,7.677614358043264,14584.390233197306,23.76559837080906,,,2351.398372341414,-0.0007172525100480342,-0.0,-0.0007172525100480342,,,,,,,
HX_5,188,15.893456140350876,0.09859649122807018,0.04002048176061041,0.0005482215753281502,101.19890064699754,252.7854255730466,256.15768627442793,1000.0,179.88563239146663,762.6828443354104,0.05498373279249358,0.0,true,7.654923327654147,14617.103840901347,23.735915176678134,,,2316.1220845406383,-0.0007147739060395145,-0.0,-0.0007147739060395145,,,,,,,
HX_5,189,15.992052631578947,0.09859649122807018,0.03912950088116836,0.0005474969632762205,101.1981858730915,251.25696728232492,254.39444913821947,1000.0,179.88563239146663,762.6828443354104,0.05489019831425079,0.0,true,7.632730721775356,14649.276845965132,23.706911307761033,,,2281.444643030021,-0.0007123509816935346,-0.0,-0.0007123509816935346,,,,,,,
HX_5,190,16.090649122807015,0.09859649122807018,0.038260059588444764,0.0005467864620951998,101.19747352210982,249.76198143724332,252.67046716598097,1000.0,179.88563239146663,762.6828443354104,0.0547985791720037,0.0,true,7.611024814247067,14680.916049272088,23.67856943836623,,,2247.353476183522,-0.0007099823777088011,-0.0,-0.0007099823777088011,,,,,,,
HX_5,191,16.189245614035087,0.09859649122807018,0.037411566301452655,0.0005460896804627206,101.1967635397321,248.2996824996792,250.98479135866185,1000.0,179.88563239146663,762.6828443354104,0.05470883526141901,0.0,true,7.589794187331351,14712.028243452014,23.6508727623177,,,2213.836359128737,-0.0007076667724181868,-0.0,-0.0007076667724181868,,,,,,,
HX_5,192,16.28784210526316,0.09859649122807018,0.03658344866855215,0.0005454062381486716,101.19605587295969,246.8693055076028,249.33649878130575,1000.0,179.88563239146663,762.6828443354104,0.05462092735378987,0.0,true,7.569027722248457,14742.620209709672,23.623804973989806,,,2180.8814014408476,-0.0007054028805665466,-0.0,-0.0007054028805665466,,,,,,,
HX_5,193,16.386438596491228,0.09859649122807018,0.03577515281748481,0.0005447357656092382,101.1953504700791,245.4701054473427,247.72469171583654,1000.0,179.88563239146663,762.6828443354104,0.05453481707502916,0.0,true,7.548714590059513,14772.698714764832,23.597350250175605,,,2148.477035366835,-0.0007031894521354939,-0.0,-0.0007031894521354939,,,,,,,
HX_5,194,16.485035087719297,0.09859649122807018,0.03498614263998254,0.0005440779035985504,101.19464728062698,244.1013566486929,246.14849684688542,1000.0,179.88563239146663,762.6828443354104,0.054450466885271886,0.0,true,7.52884424288088,14802.270507902793,23.57149323275012,,,2116.612004553717,-0.0007010252712130552,-0.0,-0.0007010252712130552,,,,,,,
HX_5,195,16.58363157894737,0.09859649122807018,0.03421589910911022,0.0005434323027970742,101.19394625535577,242.76235220186572,244.6070644791387,1000.0,179.88563239146663,762.6828443354104,0.05436784005905837,0.0,true,7.509406405415722,14831.342318134806,23.546219012089217,,,2085.2753532555466,-0.0006989091549061929,-0.0,-0.0006989091549061929,,,,,,,
HX_5,196,16.682228070175437,0.09859649122807018,0.03346391962761036,0.0005427986234558138,101.19324734620086,241.4524033953545,243.09956778476294,1000.0,179.88563239146663,762.6828443354104,0.05428690066608055,0.0,true,7.490391066789172,14859.920851466666,23.52151311120191,,,2054.4564159953043,-0.0006968399522942986,-0.0,-0.0006968399522942986,,,,,,,
HX_5,197,16.78082456140351,0.09859649122807018,0.032729717405622895,0.0005421765350555088,101.19255050624858,240.17083917381456,241.62520207953918,1000.0,179.88563239146663,762.6828443354104,0.054207613552468725,0.0,true,7.471788472674161,14888.01278827683,23.4973614705391,,,2024.1448076591691,-0.0006948165434218324,-0.0,-0.0006948165434218324,,,,,,,
HX_5,198,16.879421052631578,0.09859649122807018,0.03201282086626751,0.000541565715980272,101.19185568970516,238.91700561512414,240.18318412641483,1000.0,179.88563239146663,762.6828443354104,0.05412994432259832,0.0,true,7.4535891176957625,14915.624780799857,23.47375043345341,,,1994.3304140027003,-0.0006928378383284406,-0.0,-0.0006928378383284406,,,,,,,
HX_5,199,16.97801754385965,0.09859649122807018,0.03131277307762913,0.0005409658532047028,101.19116285186684,237.69026542580792,238.7727514652489,1000.0,179.88563239146663,762.6828443354104,0.05405385932140083,0.0,true,7.43578373810215,14942.763450716395,23.450666732266598,,,1965.0033825481194,-0.0006909027761148753,-0.0,-0.0006909027761148753,,,,,,,
HX_5,200,17.07661403508772,0.09859649122807018,0.030629131209808726,0.0005403766419939485,101.19047194909072,236.48999745407633,237.39316176757217,1000.0,179.88563239146663,762.6828443354104,0.05397932561715724,0.0,true,7.418363304691363,14969.435386847063,23.428097474920513,,,1936.1541138545174,-0.0006890103240432139,-0.0,-0.0006890103240432139,,,,,,,
HX_5,201,17.175210526315787,0.09859649122807018,0.02996146601575453,0.0005397977856160974,101.18978293876667,235.31559621973196,236.04369221528015,1000.0,179.88563239146663,762.6828443354104,0.05390631098475962,0.0,true,7.401319015982986,14995.647142949418,23.40603013218364,,,1907.7732531428162,-0.0006871594766698731,-0.0,-0.0006871594766698731,,,,,,,
HX_5,202,17.27380701754386,0.09859649122807018,0.02930936133467729,0.0005392289950662722,101.18909577929,234.1664714602673,234.72363890219154,1000.0,179.88563239146663,762.6828443354104,0.05383478388942309,0.0,true,7.384642291624935,15021.405235615312,23.384452525384727,,,1879.8516822588888,-0.000685349255010053,-0.0,-0.000685349255010053,,,,,,,
HX_5,203,17.37240350877193,0.09859649122807018,0.028672413616906565,0.0005386699888017497,101.18841043003499,233.04204769248605,233.4323162574894,1000.0,179.88563239146663,762.6828443354104,0.05376471347083467,0.0,true,7.368324766025685,15046.716142268815,23.36335281464299,,,1852.380511958523,-0.0006835787057322592,-0.018174167381786205,-0.018857746087518463,,,,,,,
HX_5,204,17.471,0.0,0.0,0.0,101.16955268394746,231.94176378902512,232.1690564900986,1000.0,179.88563239146663,762.6828443354104,0.0536873989808041,0.0,true,7.353679064854598,15071.586299260833,0.0,,,0.0,0.0,0.0,0.0,,,,,,,
HX_6,205,17.471,0.09904761904761905,0.14016533239872966,0.001201067110412175,101.16955268394746,231.94176378902512,232.1690564900986,1000.1085982821822,104.79546392745965,440.0,0.014430863050637566,,false,62.05295647208734,31607.07943553596,397.5799122381331,0.04183505120825212,3724.236948590369,10428.311529136337,-0.6447957428498777,-2.2309397475710457,-2.875735490420923,-0.004699814426703784,-0.0004299167681243929,-0.005129731194828177,4.220881139698339,0.0002682701292506588,0.6793846378800356,955.2769734498052
HX_6,206,17.57004761904762,0.09904761904761905,0.14417423511823005,0.001200058939957737,98.29381719352655,226.53416076079856,225.96534229950328,1000.1034685509875,106.19235343684966,445.89744490669113,0.013936054114452423,,false,63.18462366783803,31866.553273965656,395.69017424934304,0.04188058166572516,3776.7348934428155,10806.606307060018,-0.6561617460327791,-0.0,-0.6561617460327791,-0.004793577757938434,-1.195512946207459e-05,-0.0048055328874005085,4.222812817401672,0.00026454107999294903,0.6798119872687659,954.2384444732551
HX_6,207,17.669095238095238,0.09904761904761905,0.13625709783647816,0.0011980037107420678,97.63765544749376,220.96455227992743,219.58419417243917,1000.0986630181001,107.62852162869962,451.96356406770707,0.0137474716093966,,false,62.900243011125,32139.388948100623,393.75019527419647,0.041927897514625063,3830.8453265051407,10449.169719684794,-0.6528030133354773,-0.0,-0.6528030133354773,-0.004892526107087721,-1.1968636129764193e-05,-0.0049044947432174855,4.224844324949307,0.00026080445499737583,0.680225510964759,953.1615814600924
HX_6,208,17.768142857142855,0.09904761904761905,0.1281119071201238,0.0011959440045538892,96.98485243415828,215.69396835902631,213.55345834811172,1000.0937585233569,108.98518316863334,457.6965703245633,0.013565402160494844,,false,62.648167572533836,32402.969501788157,391.90959940815736,0.04197306577811897,3882.082310385953,10062.738224957344,-0.6498025117182321,-0.0,-0.6498025117182321,-0.004988307454354669,-1.1981529752922459e-05,-0.005000288984107593,4.226806138618588,0.00025736227304749956,0.680592228062663,952.1358604967669
HX_6,209,17.867190476190476,0.09904761904761905,0.1204244793007236,0.001193939856482043,96.33504992244006,210.7324199186998,207.88322846598177,1000.0887582343727,110.26016615355445,463.08686834763506,0.01338993217508766,,false,62.43060421227796,32656.041368317787,390.1724738911914,0.04201593382485371,3930.3385985835653,9689.855970849218,-0.6471833554093613,-0.0,-0.6471833554093613,-0.005080316926190693,-1.1993766761772778e-05,-0.0050923106929524654,4.2286880674787195,0.00025420240584831,0.6809158186223987,951.1644146463486
HX_6,210,17.966238095238097,0.09904761904761905,0.10491338742752829,0.0010946337605451085,95.6878665670307,206.06327874788366,202.55324395141798,1000.0836659236797,111.45812105541052,468.15371847340424,0.013220675278811767,,false,62.24636468675101,32898.71368361663,388.5355326280665,0.04205658327798069,3975.7680082557094,1233.9617153498273,-0.6449315286535899,-0.0,-0.6449315286535899,-0.005168487439877729,-1.200537045626237e-05,-0.005180492810333991,4.230490359201157,0.0002512977430986356,0.6812013816120385,950.2450743130254
HX_6,211,18.065285714285714,0.09904761904761905,0.09830676809946177,0.001094128638162029,95.04293503837711,201.9913540374937,197.90977998443273,1000.0784854308694,112.50135598681345,472.56794067613913,0.013062853795046014,,false,62.13624615103524,33114.02192025416,387.10297031553296,0.042092276670897814,4015.397531316354,1239.9434424669037,-0.6434915345190855,-0.0,-0.6434915345190855,-0.005212201157893651,-1.2015559405801586e-05,-0.005224216717299452,4.232086994790123,0.0002488175877397836,0.6814355555948098,949.4392858528239
HX_6,212,18.16433333333333,0.09904761904761905,0.09067941476601192,0.001064707434459013,94.39944350385802,198.1723197451485,193.55872482760856,1000.0732612141521,113.47853647569326,476.70418991052327,0.01291027572116521,,false,62.05697379430789,33319.15190282054,385.75687207339865,0.04212595903330121,4052.572988178385,964.2674064818109,-0.642389247831734,-0.0,-0.642389247831734,-0.005202872365913064,-1.2025174291438447e-05,-0.005214897540204502,4.233605621391419,0.00024653511003327046,0.6816427104352755,948.6801492339798
HX_6,213,18.263380952380952,0.09904761904761905,0.0857093508616954,0.0010640812078787343,93.7570542560263,194.6465756114211,189.54525614311126,1000.0680463166119,114.37958740818164,480.5195188766921,0.01276355122535422,,false,62.01476545364742,33511.338871825275,384.5111974517141,0.04215723132133346,4086.8980810384196,965.8903494205257,-0.6416917324967203,-0.0,-0.6416917324967203,-0.005194421606827076,-1.203410120307938e-05,-0.005206455708030156,4.235025876993981,0.0002444645077384853,0.6818233203216068,947.9764170877389
HX_6,214,18.362428571428573,0.09904761904761905,0.08111697879308444,0.0010625713648797497,93.11536252352958,191.311418288342,185.75176236568717,1000.062839860904,115.23097301608487,484.1257328102288,0.012620800530776077,,false,61.9969502963029,33695.6766272483,382.0098457090361,0.042186969116099746,4119.370503731944,967.3025028899834,-0.6412600283971194,-0.0,-0.6412600283971194,-0.005186564395718905,-1.2042590081987155e-05,-0.005198606985800891,4.236385558854423,0.0002425374281466747,0.6819848379313248,947.3081840118559
HX_6,215,18.46147619047619,0.09904761904761905,0.07686486209363978,0.0010623054258171209,92.47410249513246,188.15258899578646,182.16152686391305,1000.0576412539181,116.03648762782763,487.5387230642567,0.012481707316570834,,false,62.002298274837386,33872.59402207487,381.37219787331605,0.042215274417250044,4150.12759266556,968.6167869543268,-0.6410801980518387,-0.0,-0.6410801980518387,-0.00517924509802381,-1.2050670044734943e-05,-0.005191295768068545,4.237687938227246,0.00024073995443516248,0.6821295102395849,946.6730147798482
HX_6,216,18.560523809523808,0.09904761904761905,0.07284068413216964,0.001062044905339918,91.8330222970806,185.15722020437596,178.75948994345683,1000.0524499581501,116.79954786855109,490.77280585562863,0.012345983754111,,false,62.029723125486,34042.48889911013,380.76710723784015,0.04224224050696173,4179.293533904488,969.812724366563,-0.6411399207997887,-0.0,-0.6411399207997887,-0.005172413095380697,-1.2058367719427292e-05,-0.005184471463100124,4.238936082188818,0.00023905990796128907,0.6822592807169906,946.0686891300292
HX_6,217,18.65957142857143,0.09904761904761905,0.06902701664775358,0.0010617900713168838,91.19188237628082,182.3167675660838,175.5355630413429,1000.047265486687,117.52245052995067,493.83757168811815,0.01221341998515646,,false,62.078688797065496,34205.55199157044,380.19290428944873,0.042267924771086644,4206.950722879241,970.8989986147204,-0.6414329078462782,-0.0,-0.6414329078462782,-0.005166030745145181,-1.2065699487290556e-05,-0.005178096444632472,4.240131554773341,0.00023748828863738906,0.6823757126012339,945.4938069179613
HX_6,218,18.75861904761905,0.09904761904761905,0.06541266214509361,0.0010615414370597595,90.55044946843454,179.6233249285151,172.48042896900094,1000.0420873902424,118.20731573207263,496.74187777284493,0.012083819417532116,,false,62.14872782766984,34361.96615655426,379.64804475366736,0.04229238114792738,4233.175578198992,971.8858914498636,-0.6419536433808186,-0.0,-0.6419536433808186,-0.005160064238811525,-1.2072680745422022e-05,-0.005172136919556946,4.241275880049083,0.00023601703002914094,0.6824801942965171,944.9470570728369
HX_6,219,18.857666666666667,0.09904761904761905,0.061987296007973376,0.0010612994199015505,89.90849582505372,177.06938633226048,169.585266138725,1000.0369152533228,118.85614913919204,499.4941101872289,0.011956994487766104,,false,62.23941195083565,34511.9174701123,379.13105961693685,0.042315662009228185,4258.04080805958,972.7828341232796,-0.642697060909531,-0.0,-0.642697060909531,-0.005154482747872855,-1.2079326443733021e-05,-0.005166562074316588,4.242370616779214,0.00023463878637971892,0.6825739674349514,944.4271743550025
HX_6,220,18.956714285714284,0.09904761904761905,0.0587411242732754,0.0010610643363365409,89.2657987641442,174.647816038962,166.8417099300702,1000.0317486912485,119.4708509316992,502.10222060130656,0.011832766056685151,,false,62.35035013604678,34655.59490816822,378.6405495060084,0.04233781821019209,4281.615660741677,973.598353469027,-0.6436585189968758,-0.0,-0.6436585189968758,-0.0051492580965182885,-1.2085651099226718e-05,-0.005161343747617515,4.243417350307924,0.00023334685004990611,0.6826581430648494,943.9329373074793
HX_6,221,19.055761904761905,0.09904761904761905,0.05566484313992713,0.0010608364151971487,88.6221402451473,172.35183145660983,164.2418292031628,1000.0265873475008,120.05322135632576,504.5737486049163,0.011710963027021681,,false,62.48118830294336,34793.18941046471,378.1751817513332,0.04235889904649467,4303.966057428205,974.3401519599064,-0.6448337954312094,-0.0,-0.6448337954312094,-0.005144364496954421,-1.209166878372732e-05,-0.005156456165738148,4.244417681088222,0.00023213508522774488,0.6827337155868126,943.4631683526687
HX_6,222,19.154809523809526,0.09904761904761905,0.05274961676803924,0.0010606158101638642,87.9773064497161,170.1749872556747,161.7781046041339,1000.0214308913352,120.60496585201236,506.9158423312271,0.011591421979633698,,false,62.63160915996071,34924.89298465663,377.73368764545785,0.0423789522209345,4325.154719920903,975.0151876310686,-0.6462190829096359,-0.0,-0.6462190829096359,-0.005139778315900111,-1.2097393114360242e-05,-0.0051518757090144715,4.245373214500718,0.00023099786996213834,0.6828015751574626,943.016733731211
HX_6,223,19.253857142857143,0.09904761904761905,0.04998705646969993,0.0010604026107243689,87.33108736680646,168.11116000333857,159.44340785317357,1000.0162790156261,121.12769993414281,509.1352781461662,0.01147398681709122,,false,62.80133208495458,35050.89788841087,377.3148597589514,0.04239802382371837,4345.241298642052,975.6297466533622,-0.647810985328416,-0.0,-0.647810985328416,-0.005135477866980133,-1.2102837247924345e-05,-0.005147580704228057,4.246285552079769,0.00022993004505196313,0.6828625187550457,942.5925431925425
HX_6,224,19.35290476190476,0.09904761904761905,0.04736920038615147,0.001060196851727005,86.68327638147805,166.1545332977683,157.23098195359483,1000.0111314349219,121.62295385218744,511.2384794623027,0.01135850841468855,,false,62.990113053446166,35171.3958891954,376.9175493149804,0.042416158324692824,4364.28250013281,976.1895088415265,-0.649606514725002,-0.0,-0.649606514725002,-0.005131443225758663,-1.2108013878674368e-05,-0.005143551239637337,4.247156284005192,0.00022892686885599492,0.6829172600544181,942.1895494734463
HX_6,225,19.45195238095238,0.09904761904761905,0.04488849368026051,0.0010599985217073558,86.03366986675304,164.29958341605334,155.1344223003825,1000.0059878836822,122.0921770268182,513.231534697649,0.011244844279436395,,false,63.19774462486313,35286.577598742944,376.5406636299746,0.04243339857573209,4382.332213117426,976.69960676114,-0.6516030889696242,-4.544194779949666,-5.19579786891929,-0.005127656064668642,-0.0008600184019691849,-0.0059876744666378275,4.247986982718001,0.00022798397724569004,0.6829664382412466,941.8067476026392
HX_6,226,19.551000000000002,0.0,0.0,0.0,80.83787199783374,162.5410654850753,153.1476586654312,1000.0000002092156,122.5367424119014,515.1202144010625,0.010551938759362223,,false,66.9893559865583,35396.631878730164,0.0,0.04244978584609419,4399.441642065271,0.0,0.0,0.0,0.0,0.0,0.0,0.0,4.24877919997455,0.00022709734753735707,0.6830106253756145,941.4431735234253
